,actual,predicted,error
2426,0.0011202389843165,0.0010518070784331444,6.843190588335562e-05
2427,0.0,-3.768454611388345e-06,3.768454611388345e-06
2428,0.000745990302126,0.0006858599844382924,6.013031768770756e-05
2429,-0.0152814014163248,-0.015260979470548492,-2.04219457763076e-05
2430,-0.0136260408781226,-0.013510526978211835,-0.00011551389991076508
2431,0.0149654643131236,0.014888462940982344,7.700137214125546e-05
2432,0.0,-3.768454611388345e-06,3.768454611388345e-06
2433,0.0426465028355387,0.043043429211527096,-0.00039692637598839897
2434,-0.0158822249619261,-0.015849317747475503,-3.290721445059833e-05
2435,0.0,-3.768454611388345e-06,3.768454611388345e-06
2436,0.0025792188651436,0.0026523276861778445,-7.310882103424461e-05
2437,0.0,-3.768454611388345e-06,3.768454611388345e-06
2438,0.0033076074972435,0.003249423227545895,5.818426969760515e-05
2439,-0.0117216117216116,-0.011540594749694854,-0.00018101697191674586
2440,0.0018532246108229,0.0017994766285035141,5.374798231938581e-05
2441,0.0007399186089529,0.0006858599844382924,5.405862451460762e-05
2442,0.0,-3.768454611388345e-06,3.768454611388345e-06
2443,0.0051756007393715,0.005177363441499818,-1.762702128318798e-06
2444,0.0007355645457889,0.0006713791656449547,6.418538014394532e-05
2445,-0.0018375597206909,-0.0018454869663919334,7.927245701033325e-06
2446,-0.0025773195876288,-0.0025880511769872517,1.0731589358451733e-05
2447,0.0,-3.768454611388345e-06,3.768454611388345e-06
2448,0.021483942414175,0.021630522156595958,-0.0001465797424209589
2449,-0.0001806880601329,-3.768454611388345e-06,-0.00017691960552151164
2450,-0.0001084324285249,-3.768454611388345e-06,-0.00010466397391351164
2451,-0.012434933487565,-0.012524888859853924,8.995537228892458e-05
2452,0.0125549048316251,0.01261897195507686,-6.406712345175848e-05
2453,-0.0003976430611285,-0.0002597374441548223,-0.00013790561697367767
2454,-0.0001446549978302,-3.768454611388345e-06,-0.00014088654321881165
2455,-0.0001085069444444,-3.768454611388345e-06,-0.00010473848983301165
2456,-0.000976668475312,-0.0007499726345658586,-0.0002266958407461414
2457,-3.62082699687516e-05,-3.768454611388345e-06,-3.2439815357363256e-05
2458,0.0005431437158271,0.00048617500943051663,5.6968706396583386e-05
2459,-3.618992472498306e-05,-3.768454611388345e-06,-3.2421470113594714e-05
2460,-7.238246896601463e-05,-3.768454611388345e-06,-6.861401435462628e-05
2461,-3.6193854283550486e-05,-3.768454611388345e-06,-3.242539967216214e-05
2462,-3.61951643260694e-05,-3.768454611388345e-06,-3.242670971468106e-05
2463,0.0161798240851342,0.016230076927703768,-5.025284256956683e-05
2464,0.0,-3.768454611388345e-06,3.768454611388345e-06
2465,3.5620146754844484e-05,-3.768454611388345e-06,3.938860136623283e-05
2466,0.0154942119323242,0.015534995033991155,-4.07831016669552e-05
2467,-3.507541213609855e-05,-3.768454611388345e-06,-3.1306957524710205e-05
2468,0.0048405766600021,0.0048794267773980505,-3.8850117395950595e-05
2469,-3.4907669214878645e-05,-3.768454611388345e-06,-3.11392146034903e-05
2470,0.0,-3.768454611388345e-06,3.768454611388345e-06
2471,-6.981777560577385e-05,-3.768454611388345e-06,-6.60493209943855e-05
2472,3.491132523403273e-05,-3.768454611388345e-06,3.8679779845421075e-05
2473,0.0288357479490313,0.02869938247581627,0.00013636547321502906
2474,0.0,-3.768454611388345e-06,3.768454611388345e-06
2475,3.393166163356831e-05,-3.768454611388345e-06,3.7700116244956655e-05
2476,0.0098059174809987,0.009982554105517306,-0.00017663662451860608
2477,-3.360102147098587e-05,-3.768454611388345e-06,-2.9832566859597526e-05
2478,0.0051075268817204,0.005136383700255901,-2.885681853550051e-05
2479,3.343139876976764e-05,-3.768454611388345e-06,3.7199853381155984e-05
2480,0.0,-3.768454611388345e-06,3.768454611388345e-06
2481,-3.343028114866087e-05,-3.768454611388345e-06,-2.9661826537272523e-05
2482,3.343139876976764e-05,-3.768454611388345e-06,3.7199853381155984e-05
2483,0.0637849764316518,0.0652869155011506,-0.0015019390694987894
2484,-0.0002514063040131,-3.768454611388345e-06,-0.00024763784940171166
2485,-0.0003143369062961,-1.70908257907297e-05,-0.0002972460805053703
2486,-0.0292425242901612,-0.02912617970007271,-0.00011634459008848935
2487,0.0,-3.768454611388345e-06,3.768454611388345e-06
2488,-0.0457357561623426,-0.04736028916676821,0.00162453300442561
2489,-0.0004073181494177,-0.00028795271333292296,-0.00011936543608477703
2490,-0.0003735271146728,-0.0001586464868640491,-0.00021488062780875093
2491,-0.0004076363883416,-0.00028795271333292296,-0.00011968367500867703
2492,0.0,-3.768454611388345e-06,3.768454611388345e-06
2493,-0.0460477129069529,-0.04736028916676821,0.001312576259815311
2494,-0.0001781197677319,-3.768454611388345e-06,-0.00017435131312051164
2495,-7.12606000141669e-05,-3.768454611388345e-06,-6.749214540277855e-05
2496,-0.0451468072976054,-0.04728614030192005,0.002139333004314646
2497,-7.463522036044168e-05,-3.768454611388345e-06,-7.086676574905333e-05
2498,-0.0347079679044599,-0.034291589319535624,-0.00041637858492427765
2499,0.0345640827372899,0.03480538225707873,-0.0002412995197888304
2500,-0.0100153219477558,-0.010093394889151062,7.80729413952623e-05
2501,-0.0001132460080782,-3.768454611388345e-06,-0.00010947755346681164
2502,3.775294472974089e-05,-3.768454611388345e-06,4.1521399341129234e-05
2503,0.0140435652535013,0.014096794127458578,-5.322887395727699e-05
2504,0.0167529131454524,0.01671878832899302,3.41248164593827e-05
2505,0.0017941488777415,0.0017668556315182462,2.7293246223253657e-05
2506,0.0,-3.768454611388345e-06,3.768454611388345e-06
2507,-0.0134868421052631,-0.013423821708692378,-6.302039657072114e-05
2508,-0.0260086695565188,-0.025859129913222895,-0.00014953964329590674
2509,0.0631062421545132,0.0652869155011506,-0.0021806733466373934
2510,-0.0417561185057965,-0.04113022142458024,-0.0006258970812162562
2511,-0.0159814794070422,-0.015988070150744663,6.590743702464957e-06
2512,3.794634386977691e-05,-3.768454611388345e-06,4.1714798481165255e-05
2513,0.008613493207862,0.008710127018350873,-9.663381048887268e-05
2514,0.0103081148188555,0.010313620918711788,-5.506099856288776e-06
2515,-0.0318004096071494,-0.032025562655604474,0.00022515304845507206
2516,-0.00892273374101,-0.008932853206543485,1.0119465533484431e-05
2517,0.009003065699096,0.009071222681328714,-6.815698223271507e-05
2518,0.0033075650936502,0.003249423227545895,5.81418661043053e-05
2519,0.0443899260167899,0.04444022531871684,-5.029930192693849e-05
2520,-0.0384657735364287,-0.03871457212922272,0.0002487985927940167
2521,-0.0027484063060655,-0.00276135632018355,1.2950014118050333e-05
2522,0.0,-3.768454611388345e-06,3.768454611388345e-06
2523,-0.0058947368421052,-0.005929391303772903,3.465446166770261e-05
2524,0.0035424126910783,0.0034020541437888513,0.00014035854728944872
2525,-0.0039135939838085,-0.003950736524413621,3.714254060512099e-05
2526,0.0078964600747275,0.007928173486061176,-3.1713411333676375e-05
2527,-7.643506840937508e-05,-3.768454611388345e-06,-7.266661379798673e-05
2528,0.0025989909799724,0.0026523276861778445,-5.3336706205444565e-05
2529,0.0422384873437022,0.042689609935097,-0.00045112259139480637
2530,-0.043379663496708,-0.0432279083424101,-0.00015175515429789732
2531,0.003058805536438,0.003067751666876851,-8.946130438851254e-06
2532,3.8118472211579046e-05,-3.768454611388345e-06,4.188692682296739e-05
2533,-0.0041547550981512,-0.004154215713116257,-5.393850349430865e-07
2534,-0.0010334532649468,-0.0008057520214058863,-0.00022770124354091364
2535,0.00329514540787,0.003249423227545895,4.572218032410525e-05
2536,-0.0112659919801412,-0.011286127009632708,2.0135029491507445e-05
2537,-3.8624951718913e-05,-3.768454611388345e-06,-3.485649710752466e-05
2538,0.006527868979103,0.006576911963846918,-4.9042984743917495e-05
2539,0.0176913040141222,0.017639772939445457,5.153107467674445e-05
2540,-0.0136505901429163,-0.013510526978211835,-0.00014006316470446464
2541,0.0111251290285583,0.01110485962555689,2.02694030014116e-05
2542,-3.781004234726382e-05,-3.768454611388345e-06,-3.404158773587547e-05
2543,-0.0173932771202782,-0.017316622534362638,-7.665458591556151e-05
2544,-0.0024242890676107,-0.002415769096368063,-8.519971242636898e-06
2545,0.012999537108471,0.01300136319170092,-1.8260832299193952e-06
2546,-3.807928106303038e-05,-3.768454611388345e-06,-3.4310826451642035e-05
2547,0.0,-3.768454611388345e-06,3.768454611388345e-06
2548,-0.0217440974866718,-0.02163044016971866,-0.00011365731695314046
2549,0.0077465062867376,0.007696161380893317,5.0344905844283173e-05
2550,7.725587144613577e-05,-3.768454611388345e-06,8.102432605752412e-05
2551,0.0013518733101582,0.0013426351116141157,9.23819854408434e-06
2552,-3.857280617169945e-05,-3.768454611388345e-06,-3.48043515603111e-05
2553,0.0098364449930565,0.009988576263666737,-0.00015213127061023714
2554,0.0,-3.768454611388345e-06,3.768454611388345e-06
2555,0.0004201841170405,0.000289947138421062,0.00013023697861943803
2556,0.000267277586865,-1.3035347722129462e-06,0.00026858112163721294
2557,-0.0104592128869718,-0.010397453403767463,-6.175948320433743e-05
2558,0.0143116151679976,0.01427458807356289,3.702709443471029e-05
2559,-0.0082908648360843,-0.008175178468739554,-0.00011568636734474516
2560,3.83494400981732e-05,-3.768454611388345e-06,4.211789470956154e-05
2561,0.0078229857729033,0.007865239494018742,-4.225372111544244e-05
2562,0.0,-3.768454611388345e-06,3.768454611388345e-06
2563,0.0154103725124614,0.01518095156261353,0.00022942094984786977
2564,-0.0357865547478077,-0.03568390773173485,-0.0001026470160728557
2565,0.0220745404376043,0.021973754051225387,0.00010078638637891352
2566,-0.0041446442830525,-0.004126046270516356,-1.8598012536143876e-05
2567,0.0,-3.768454611388345e-06,3.768454611388345e-06
2568,-0.0048873615883925,-0.004926641543174696,3.927995478219572e-05
2569,0.0010359910981505,0.0009360034007010102,9.998769744948993e-05
2570,0.0069761202039173,0.006874310252555804,0.0001018099513614961
2571,-0.0123329907502569,-0.01247713532266665,0.00014414457240975037
2572,0.012525532816896,0.01260805841093172,-8.252559403571988e-05
2573,0.006470767356882,0.00653281313315935,-6.204577627734985e-05
2574,-0.0043113228953937,-0.004282861850616077,-2.846104477762304e-05
2575,-0.0220677605591005,-0.021809018897621324,-0.0002587416614791768
2576,0.0182545539286129,0.01813573115048831,0.00011882277812459013
2577,0.0,-3.768454611388345e-06,3.768454611388345e-06
2578,-0.0051111873974901,-0.005166993409870258,5.580601238015792e-05
2579,0.0244603764904345,0.024660618618936828,-0.00020024212850232662
2580,0.0004865087384455,0.00045005819399847005,3.645054444702993e-05
2581,0.0010473554275454,0.0009392171419315634,0.00010813828561383654
2582,-0.0155070622524474,-0.015502320833973711,-4.741418473688808e-06
2583,0.004364823319543,0.004355276774995991,9.546544547009081e-06
2584,-0.0088428690197263,-0.008903930330947905,6.106131122160519e-05
2585,0.0130776269635504,0.013030728598939792,4.689836461060741e-05
2586,3.763501561837579e-05,-3.768454611388345e-06,4.1403470229764133e-05
2587,0.015580310100858,0.015629359152885613,-4.904905202761205e-05
2588,-0.0110427629141036,-0.011077779292696242,3.501637859264217e-05
2589,0.0173860911270984,0.01743571037549382,-4.961924839541956e-05
2590,-0.0273276370064821,-0.027429635954540607,0.00010199894805850568
2591,0.0,-3.768454611388345e-06,3.768454611388345e-06
2592,0.0158652025747823,0.016063156701695547,-0.00019795412691324746
2593,-0.0161392523016139,-0.016093859741351975,-4.5392560261925397e-05
2594,-0.0099636308531596,-0.010064797478781456,0.00010116662562185616
2595,0.0089924616385412,0.009052112206132144,-5.9650567590944364e-05
2596,0.0,-3.768454611388345e-06,3.768454611388345e-06
2597,0.0139183859223301,0.013921835895005981,-3.4499726758816657e-06
2598,-0.0075930428277538,-0.007581338082895762,-1.170474485803763e-05
2599,-0.0076134479119553,-0.007581338082895762,-3.210982905953782e-05
2600,0.0115457652867452,0.011739460770083929,-0.0001936954833387291
2601,0.0,-3.768454611388345e-06,3.768454611388345e-06
2602,0.0076218367500187,0.007598538133580333,2.3298616438367087e-05
2603,0.0024220292879233,0.0024943168704230174,-7.22875824997176e-05
2604,-0.0052040740465393,-0.005192521525218183,-1.1552521321117094e-05
2605,0.0005604962259921,0.0005177412673576722,4.27549586344278e-05
2606,-3.734548306388863e-05,-3.768454611388345e-06,-3.3577028452500285e-05
2607,0.0133701822527636,0.013394484032138936,-2.430177937533598e-05
2608,-0.0051964325200856,-0.005187245818768553,-9.186701317047408e-06
2609,0.0021487052198718,0.0020962614131334848,5.244380673831515e-05
2610,0.0035858193782116,0.0034486046110827184,0.00013721476712888177
2611,3.6835125976075744e-05,-3.768454611388345e-06,4.060358058746409e-05
2612,-0.0145493388338429,-0.014559431865308831,1.0093031465931504e-05
2613,-0.0043358002541675,-0.004294149120494202,-4.165113367329831e-05
2614,-0.0070951272618063,-0.006884321674105319,-0.0002108055877009813
2615,0.0093765359748949,0.009259980282316638,0.00011655569257826119
2616,3.7457392216389e-05,-3.768454611388345e-06,4.122584682777735e-05
2617,0.016255899318301,0.016272648887352473,-1.674956905147254e-05
2618,-0.0076662243844907,-0.007629927748890265,-3.629663560043503e-05
2619,-0.0136309612241866,-0.013510526978211835,-0.00012043424597476572
2620,0.0506457807734308,0.053845156075536645,-0.0031993753021058446
2621,3.58397247508524e-05,-3.768454611388345e-06,3.960817936224074e-05
2622,-0.0140128301616313,-0.01396204014588071,-5.079001575059028e-05
2623,-0.0036347775516138,-0.003587141369645804,-4.7636181967996e-05
2624,0.0006566467240625,0.0006095733654904625,4.707335857203753e-05
2625,-0.0013124316441852,-0.0012349140263236366,-7.751761786156338e-05
2626,3.650434401691882e-05,-3.768454611388345e-06,4.0272798628307166e-05
2627,-0.0511407191093264,-0.052339557314995275,0.0011988382056688715
2628,0.0189274447949527,0.01895887748951047,-3.143269455777031e-05
2629,0.0155553877520198,0.015543057759320517,1.232999269928231e-05
2630,-0.0024165365454681,-0.002408810814166951,-7.72573130114907e-06
2631,0.0,-3.768454611388345e-06,3.768454611388345e-06
2632,0.0036522192822272,0.003618280266772912,3.393901545428778e-05
2633,0.0128847796219968,0.01295961102233931,-7.483140034251004e-05
2634,0.0095314905784882,0.009443892380215202,8.759819827299821e-05
2635,-0.032536858159634,-0.03283740627543416,0.00030054811580015883
2636,0.0,-3.768454611388345e-06,3.768454611388345e-06
2637,0.0465805870430147,0.04617077340162948,0.00040981364138522464
2638,-0.0342502600150629,-0.033899745606501656,-0.00035051440856124355
2639,0.0126633986928104,0.012666715966436698,-3.317273626297912e-06
2640,0.0126517290696395,0.01265944225650226,-7.713186862760846e-06
2641,0.0,-3.768454611388345e-06,3.768454611388345e-06
2642,0.016947924965597,0.016980772901681443,-3.284793608444164e-05
2643,-0.000356099992878,-0.0001586464868640491,-0.0001974535060139509
2644,0.0035978911370759,0.0035102102102298623,8.768092684603756e-05
2645,-0.0026976182870123,-0.002745117827363219,4.749954035091928e-05
2646,3.5590988361589027e-05,-3.768454611388345e-06,3.935944297297737e-05
2647,0.0087906612570289,0.00877835877153761,1.2302485491290024e-05
2648,0.0021520550361615,0.0021026600742022044,4.9394961959295554e-05
2649,-0.0207702598042667,-0.020963766370806557,0.00019350656653985623
2650,0.0261360368133447,0.02598068372472141,0.0001553530886232897
2651,-3.503485968525677e-05,-3.768454611388345e-06,-3.1266405073868425e-05
2652,0.0134888935603671,0.013495833660252494,-6.940099885393777e-06
2653,-0.0160058077228887,-0.016013401929490568,7.594206601867215e-06
2654,0.0197793704328275,0.019758445793580836,2.0924639246664573e-05
2655,-0.0003100561546146,-6.978376641216787e-06,-0.0003030777779733832
2656,0.0,-3.768454611388345e-06,3.768454611388345e-06
2657,-0.0068578123923083,-0.006731849200011033,-0.0001259631922972673
2658,-0.007807349318158,-0.007818210927545872,1.0861609387872659e-05
2659,-0.0880604322585157,-0.1116884649592176,0.023628032700701893
2660,0.018024236846142,0.01803089013778517,-6.653291643170245e-06
2661,7.534091765237783e-05,-3.768454611388345e-06,7.910937226376618e-05
2662,3.7667620913062194e-05,-3.768454611388345e-06,4.143607552445054e-05
2663,-0.0067045839767976,-0.006627794178742907,-7.678979805469336e-05
2664,3.792044291084373e-05,-3.768454611388345e-06,4.168889752223208e-05
2665,0.0310556650993476,0.03052793924730128,0.0005277258520463186
2666,0.0,-3.768454611388345e-06,3.768454611388345e-06
2667,0.0122466992754957,0.012284617925472975,-3.791864997727476e-05
2668,-0.0260499927336144,-0.025859129913222895,-0.0001908628203915047
2669,-0.0113403215578019,-0.01130467707651003,-3.564448129187055e-05
2670,0.0108666943364901,0.010908154076136229,-4.14597396461297e-05
2671,0.0,-3.768454611388345e-06,3.768454611388345e-06
2672,0.0247097906013213,0.024728043658561565,-1.8253057240263937e-05
2673,-0.0020034240338032,-0.002034824855923547,3.1400822120347064e-05
2674,-3.6499014526625295e-05,-3.768454611388345e-06,-3.273055991523695e-05
2675,-0.0139796328065116,-0.013956939712720611,-2.2693093790987842e-05
2676,0.0,-3.768454611388345e-06,3.768454611388345e-06
2677,0.0180647071888651,0.01808357065902165,-1.8863470156550016e-05
2678,0.0027270743945895,0.0027511653375378014,-2.409094294830152e-05
2679,-0.0072524204953404,-0.00738421540225883,0.0001317949069184303
2680,-0.0106658874237497,-0.01045877812734598,-0.00020710929640371974
2681,3.6920804873386e-05,-3.768454611388345e-06,4.068925948477434e-05
2682,0.0037657830613602,0.0037660130633836385,-2.3000202343864337e-07
2683,0.01956745623069,0.019656473350110046,-8.901711942004703e-05
2684,-0.0100288600288599,-0.010093394889151062,6.453486029116273e-05
2685,-0.0050287879892136,-0.004985522849763609,-4.3265139449990414e-05
2686,3.662467037801598e-05,-3.768454611388345e-06,4.039312498940432e-05
2687,0.0063358359274858,0.006297757239732363,3.8078687753437084e-05
2688,0.0069874081083047,0.006874310252555804,0.00011309785574889573
2689,-0.0083483917600289,-0.008414450848933105,6.605908890420543e-05
2690,0.0260213564634279,0.025865400034321237,0.00015595642910666216
2691,0.0,-3.768454611388345e-06,3.768454611388345e-06
2692,-0.0266401449223884,-0.02657695488056542,-6.319004182298027e-05
2693,-0.0291938838813267,-0.02912617970007271,-6.770418125398928e-05
2694,-0.0083073337593504,-0.008363690716274,5.635695692359985e-05
2695,0.0,-3.768454611388345e-06,3.768454611388345e-06
2696,-0.0016298991736791,-0.0015857112712215652,-4.41879024575347e-05
2697,-0.000645430730096,-0.0006256865893388985,-1.9744140757101537e-05
2698,-0.0118532026441758,-0.011829835785264703,-2.336685891109712e-05
2699,0.0,-3.768454611388345e-06,3.768454611388345e-06
2700,0.0,-3.768454611388345e-06,3.768454611388345e-06
2701,-0.0007689350249905,-0.0006612224012119724,-0.00010771262377852757
2702,-0.000384763370527,-0.00025553813433803053,-0.0001292252361889695
2703,0.0,-3.768454611388345e-06,3.768454611388345e-06
2704,0.0,-3.768454611388345e-06,3.768454611388345e-06
2705,-0.010392609699769,-0.010358563147087232,-3.404655268176779e-05
2706,-0.0050563982886037,-0.004985522849763609,-7.087543884009076e-05
2707,-0.0019546520719311,-0.0018995611964737805,-5.509087545731931e-05
2708,-0.0125342734038386,-0.012626130538095841,9.185713425724149e-05
2709,0.0027766759222531,0.0027716216221049424,5.054300148157626e-06
2710,-0.007120253164557,-0.006917837815186225,-0.00020241534937077456
2711,0.0003984063745019,0.0002675118252225065,0.0001308945492793935
2712,0.0003982477100756,0.0002675118252225065,0.0001307358848530935
2713,0.0003980891719743,0.0002675118252225065,0.0001305773467517935
2714,0.0,-3.768454611388345e-06,3.768454611388345e-06
2715,0.0039793076004774,0.003988869155602754,-9.561555125353616e-06
2716,0.0003963535473641,0.0002675118252225065,0.00012884172214159352
2717,0.0003961965134706,0.0002675118252225065,0.0001286846882480935
2718,0.0003960396039603,0.0002675118252225065,0.0001285277787377935
2719,0.0,-3.768454611388345e-06,3.768454611388345e-06
2720,0.0051464766429136,0.005147584248680635,-1.1076057670356826e-06
2721,0.0003938558487592,0.0002675118252225065,0.0001263440235366935
2722,0.0007874015748032,0.000691708252320731,9.5693322482469e-05
2723,0.0,-3.768454611388345e-06,3.768454611388345e-06
2724,0.0003933910306843,0.0002675118252225065,0.00012587920546179349
2725,0.0058985450255601,0.005809835706089739,8.870931947036094e-05
2726,0.0003909304143863,0.00026411377652315807,0.00012681663786314194
2727,0.0003907776475187,0.00026411377652315807,0.00012666387099554192
2728,0.0,-3.768454611388345e-06,3.768454611388345e-06
2729,0.0003906249999998,0.00026411377652315807,0.00012651122347664192
2730,0.0027333073018351,0.0027585728908477015,-2.5265589012601723e-05
2731,0.0003894080996884,0.0002572578439939644,0.0001321502556944356
2732,0.0003892565200467,0.0002572578439939644,0.00013199867605273564
2733,0.0003891050583657,0.0002572578439939644,0.00013184721437173563
2734,0.0,-3.768454611388345e-06,3.768454611388345e-06
2735,0.0077790742901593,0.00776416050470693,1.491378545236989e-05
2736,0.0003859513701274,0.0002572578439939644,0.00012869352613343563
2737,0.0003858024691356,0.0002572578439939644,0.00012854462514163558
2738,0.0007713073659854,0.000691708252320731,7.959911366466901e-05
2739,0.0,-3.768454611388345e-06,3.768454611388345e-06
2740,0.0096339113680155,0.0095143964372534,0.00011951493076210046
2741,0.0007633587786259,0.000691708252320731,7.165052630516897e-05
2742,0.0003813882532419,0.0002533484680992393,0.00012803978514266072
2743,0.0007624857033929,0.000691708252320731,7.077745107216904e-05
2744,-0.0003809523809524,-0.0001664920134312783,-0.0002144603675211217
2745,-0.0362042682926828,-0.036898874863396956,0.0006946065707141569
2746,-0.0134440490312376,-0.013418721275532279,-2.5327755705321572e-05
2747,0.0004008016032064,0.0002675118252225065,0.00013328977798389348
2748,0.0004006410256409,0.0002675118252225065,0.00013312920041839353
2749,0.0,-3.768454611388345e-06,3.768454611388345e-06
2750,-0.0200240288346015,-0.019899438370983954,-0.00012459046361754447
2751,0.0004086636697997,0.0002786183716417646,0.00013004529815793537
2752,0.0004084967320261,0.0002786183716417646,0.00012987836038433538
2753,0.014291547570437,0.014266102262836271,2.544530760072855e-05
2754,-0.002818035426731,-0.0028344215530276815,1.6386126296681625e-05
2755,0.0088817117480823,0.00891473891233816,-3.302716425586036e-05
2756,0.0004001600640257,0.0002675118252225065,0.0001326482388031935
2757,0.0,-3.768454611388345e-06,3.768454611388345e-06
2758,0.004,0.00399456287152072,5.437128479279796e-06
2759,0.0043824701195218,0.0043791954109613975,3.2747085604023507e-06
2760,0.0305434351447837,0.03038377618009756,0.00015965896468614002
2761,0.0034642032332563,0.003387685177994121,7.651805526217919e-05
2762,-0.003452243958573,-0.003377224604998957,-7.501935357404283e-05
2763,0.0019245573518091,0.0018490269808019283,7.553037100717168e-05
2764,0.0003841721091049,0.0002572578439939644,0.0001269142651109356
2765,0.000384024577573,0.0002572578439939644,0.00012676673357903562
2766,-0.0065259117082534,-0.006574707743637704,4.879603538430425e-05
2767,0.0,-3.768454611388345e-06,3.768454611388345e-06
2768,0.0015455950540959,0.001532903966618905,1.2691087476994836e-05
2769,0.0007716049382715,0.000691708252320731,7.989668595076904e-05
2770,0.000385505011565,0.0002572578439939644,0.00012824716757103561
2771,-0.0173410404624276,-0.017297391669611927,-4.364879281567452e-05
2772,-0.0333333333333334,-0.033247453835516416,-8.587949781698606e-05
2773,0.0,-3.768454611388345e-06,3.768454611388345e-06
2774,0.0,-3.768454611388345e-06,3.768454611388345e-06
2775,0.0129817444219066,0.01299071285834859,-8.96843644199001e-06
2776,0.0144173007609129,0.014373433563394761,4.3867197518138515e-05
2777,-0.0450059218318198,-0.04613308341165325,0.0011271615798334536
2778,0.014055394791236,0.014108137384465154,-5.2742593229154755e-05
2779,0.0,-3.768454611388345e-06,3.768454611388345e-06
2780,0.0044843049327354,0.004471464142068613,1.2840790666787325e-05
2781,-0.002435064935065,-0.002444662317910746,9.597382845746068e-06
2782,0.0032546786004883,0.0032344731148950005,2.0205485593299648e-05
2783,0.0020275750202758,0.0019034598547594545,0.00012411516551634537
2784,0.0,-3.768454611388345e-06,3.768454611388345e-06
2785,-0.0024281667341158,-0.0024379022037788697,9.735469663069585e-06
2786,0.0056795131845841,0.0056987900169986234,-1.927683241452309e-05
2787,0.0008067769261799,0.0006942789172325669,0.00011249800894733305
2788,0.0020153164046756,0.0019020194932599943,0.00011329691141560567
2789,0.0,-3.768454611388345e-06,3.768454611388345e-06
2790,-0.0032180209171358,-0.0032450188106650842,2.6997893529284375e-05
2791,0.003228410008071,0.0032307076236949457,-2.2976156239455474e-06
2792,0.0052292839903458,0.005247758860176857,-1.8474869831057103e-05
2793,-0.0028011204481791,-0.002831320554563269,3.0200106384169027e-05
2794,0.0,-3.768454611388345e-06,3.768454611388345e-06
2795,0.0080256821829856,0.008031965093284138,-6.282910298537753e-06
2796,0.003980891719745,0.003992985194925594,-1.2093475180594004e-05
2797,0.0071371927042029,0.007127157392157535,1.0035312045364626e-05
2798,0.0251968503937007,0.025124076882023432,7.27735116772682e-05
2799,-0.0245775729646697,-0.024444318661378812,-0.00013325430329088825
2800,0.0129133858267718,0.01295961102233931,-4.6225195567510535e-05
2801,-0.0108053482587066,-0.010920426952327946,0.00011507869362134548
2802,0.0007858546168959,0.000691708252320731,9.414636457516902e-05
2803,0.0,-3.768454611388345e-06,3.768454611388345e-06
2804,0.0,-3.768454611388345e-06,3.768454611388345e-06
2805,0.0031409501374166,0.003146909264053277,-5.9591266366770985e-06
2806,0.0093933463796476,0.009331695436434988,6.165094321261208e-05
2807,-0.0023264831329972,-0.0022802678353272873,-4.621529766991265e-05
2808,0.0042751651768364,0.004286511703687435,-1.134652685103564e-05
2809,0.0,-3.768454611388345e-06,3.768454611388345e-06
2810,0.0030959752321981,0.003095611980987929,3.632512101709069e-07
2811,0.005401234567901,0.005392267051569462,8.967516331537771e-06
2812,-0.0011511895625478,-0.000993413933061421,-0.000157775629486379
2813,0.0156358048405684,0.015771769379586856,-0.00013596453901845718
2814,-0.0150168324696449,-0.014968131134158869,-4.870133548603127e-05
2815,-0.0003840245775729,-0.00025553813433803053,-0.00012848644323486946
2816,-0.012677679600461,-0.012697465320058261,1.978571959726158e-05
2817,-0.0042801556420233,-0.0042651139250002214,-1.5041717023078424e-05
2818,0.0157092614302463,0.015909213343145257,-0.0001999519128989581
2819,-0.015466297322253,-0.015454155958848536,-1.2141363404464742e-05
2820,0.0127002735443533,0.0126775586972465,2.2714847106799704e-05
2821,0.013042639398032,0.013030728598939792,1.1910799092207727e-05
2822,-0.043309336075877,-0.0432279083424101,-8.14277334669003e-05
2823,0.0007564898869247,0.000691708252320731,6.478163460396896e-05
2824,3.97851601352528e-05,-3.768454611388345e-06,4.3553614746641146e-05
2825,0.0030235518777848,0.0030534928791586856,-2.9941001373885723e-05
2826,0.0136839600190385,0.013587391618811819,9.656840022668166e-05
2827,-0.0079039010838517,-0.007891337224877032,-1.2563858974667594e-05
2828,0.0161309406428711,0.016174690896924967,-4.375025405386687e-05
2829,3.881384878123839e-05,-3.768454611388345e-06,4.2582303392626736e-05
2830,-0.0038812342324859,-0.003940590853859654,5.935662137375409e-05
2831,0.0017923241768946,0.0017668556315182462,2.546854537635373e-05
2832,0.0079732410252422,0.007977413417061539,-4.17239181933933e-06
2833,-0.0114601018675721,-0.011439873422476828,-2.022844509527201e-05
2834,0.0087044771458681,0.008731826748263382,-2.734960239528239e-05
2835,0.0082036994040708,0.008157971579112699,4.572782495810071e-05
2836,0.0046058186842712,0.00455951301348336,4.630567078784016e-05
2837,-0.0009169404752809,-0.0006812638032664623,-0.00023567667201443768
2838,0.005583173996176,0.0055489362260915664,3.423777008443318e-05
2839,3.802859750545728e-05,-3.768454611388345e-06,4.179705211684562e-05
2840,0.0053998554968246,0.005392267051569462,7.58844525513766e-06
2841,0.0029501872234198,0.0028810289686624093,6.915825475739068e-05
2842,0.0058075951276539,0.005740459065472536,6.713606218136398e-05
2843,0.0070488545611337,0.006967363430114658,8.149113101904148e-05
2844,3.723146803680244e-05,-3.768454611388345e-06,4.0999922648190784e-05
2845,-0.0206626954579299,-0.020944300494377704,0.00028160503644780385
2846,0.0017487169739593,0.0017340559197121111,1.4661054247188787e-05
2847,0.0093355090888391,0.009230687118578202,0.0001048219702608974
2848,0.0004135804790013,0.0002864705909894345,0.00012710988801186546
2849,-3.758268190023895e-05,-3.768454611388345e-06,-3.381422728885061e-05
2850,-0.0051866050287517,-0.005179623121834359,-6.981906917341227e-06
2851,0.0057047867316484,0.005707732640937353,-2.945909288953018e-06
2852,0.0017655897821187,0.0017597501008661262,5.839681252573772e-06
2853,-0.0011249859376758,-0.0009530916926134324,-0.00017189424506236766
2854,3.754176521386654e-05,-3.768454611388345e-06,4.1310219825254885e-05
2855,-0.0161048126736241,-0.016093859741351975,-1.0952932272125654e-05
2856,0.004616734709451,0.004571561516155795,4.517319329520441e-05
2857,-0.0003797949107481,-0.0001586464868640491,-0.0002211484238840509
2858,-0.0003419452887538,-9.922031672121652e-05,-0.0002427249720325835
2859,0.0,-3.768454611388345e-06,3.768454611388345e-06
2860,-0.0229181711071415,-0.02387192611934525,0.000953755012203749
2861,0.0090633265909445,0.00909478224098897,-3.145565004446932e-05
2862,0.0052426660498825,0.005256761571285414,-1.4095521402914327e-05
2863,3.8347969474994414e-05,-3.768454611388345e-06,4.211642408638276e-05
2864,0.0,-3.768454611388345e-06,3.768454611388345e-06
2865,-0.0052918168571208,-0.0052061682441903005,-8.564861293049956e-05
2866,0.0023515805705474,0.002411268198587733,-5.9687628040332955e-05
2867,-0.0003461405330564,-9.922031672121652e-05,-0.00024692021633518346
2868,-0.0003847337642352,-0.00025553813433803053,-0.00012919562989716944
2869,3.848818412754973e-05,-3.768454611388345e-06,4.2256638738938074e-05
2870,0.0096986491167301,0.009668570826887709,3.0078289842390762e-05
2871,-0.0232894987611969,-0.024202251329381797,0.0009127525681848978
2872,0.0021073993131439,0.0020926848088964885,1.4714504247411494e-05
2873,-3.89438429784228e-05,-3.768454611388345e-06,-3.5175388367034456e-05
2874,0.0,-3.768454611388345e-06,3.768454611388345e-06
2875,-0.0033493009307939,-0.0033320852588241334,-1.72156719697664e-05
2876,0.007580790121527,0.007568391192989858,1.2398928537141543e-05
2877,0.0019391118867559,0.0018510150281411525,8.809685861474741e-05
2878,0.0065802206309268,0.006600501096917016,-2.0280465990216157e-05
2879,3.845414343395248e-05,-3.768454611388345e-06,4.2222598045340826e-05
2880,-0.008459586249327,-0.008648554846581797,0.00018896859725479713
2881,0.0048088109827038,0.004809896243757423,-1.0852610536236582e-06
2882,-3.8595137012764624e-05,-3.768454611388345e-06,-3.482668240137628e-05
2883,0.0006175460264774,0.0005637733652043683,5.3772661273031666e-05
2884,3.8572806171588425e-05,-3.768454611388345e-06,4.234126078297677e-05
2885,-0.0119571086939751,-0.011915299180964532,-4.1809513010568344e-05
2886,0.0019909431605247,0.0019020194932599943,8.892366726470581e-05
2887,-0.0028441189075466,-0.0028399106349215365,-4.208272625063486e-06
2888,-0.0012502930374306,-0.0011405368393686056,-0.00010975619806199446
2889,3.912056959531896e-05,-3.768454611388345e-06,4.2889024206707306e-05
2890,-0.0001173571177092,-3.768454611388345e-06,-0.00011358866309781164
2891,0.0017214397496088,0.0016827121333179529,3.872761629084703e-05
2892,0.0001952819871895,-3.768454611388345e-06,0.00019905044180088834
2893,0.0050372915771799,0.005061124052708124,-2.3832475528223242e-05
2894,0.0,-3.768454611388345e-06,3.768454611388345e-06
2895,-0.0007382080969772,-0.0006548044375319217,-8.340365944527835e-05
2896,0.0011664528169834,0.0011394534587343234,2.699935824907666e-05
2897,0.002873898015457,0.0028570756823251054,1.682233313189457e-05
2898,-0.0004647020098361,-0.0004185390803148624,-4.616292952123758e-05
2899,0.0,-3.768454611388345e-06,3.768454611388345e-06
2900,-0.0138313122312192,-0.013843437143822074,1.2124912602873988e-05
2901,0.0005500117859669,0.00048617500943051663,6.383677653638332e-05
2902,0.0062038636720591,0.006225811427669387,-2.1947755610287473e-05
2903,0.0012487317568095,0.001283511318867253,-3.477956205775296e-05
2904,-7.794839816055443e-05,-3.768454611388345e-06,-7.417994354916608e-05
2905,-0.0036248830682881,-0.003587141369645804,-3.774169864229635e-05
2906,0.0014082854125103,0.0014359184416877916,-2.7633029177491584e-05
2907,0.0023438415563108,0.0023768516834246577,-3.301012711385762e-05
2908,-0.0021045247281654,-0.0020828166050448006,-2.1708123120599276e-05
2909,0.0,-3.768454611388345e-06,3.768454611388345e-06
2910,-0.0035930482327669,-0.003533536462887007,-5.951176987989328e-05
2911,0.0014894367577311,0.0014949125340319677,-5.475776300867567e-06
2912,0.0024656569214513,0.0025511036433346537,-8.544672188335375e-05
2913,-0.0024595924104006,-0.0024591779579875767,-4.1445241302307326e-07
2914,3.913741145167293e-05,-3.768454611388345e-06,4.2905866063061277e-05
2915,-0.0010566687539136,-0.0008692065024199124,-0.00018746225149368753
2916,0.0085406464250734,0.008674321877784674,-0.00013367545271127275
2917,-0.0085071669968533,-0.008670849681623356,0.0001636826847700567
2918,0.0026641592226923,0.0026616967789900247,2.4624437022753923e-06
2919,-3.90747108470757e-05,-3.768454611388345e-06,-3.5306256235687355e-05
2920,-0.0017975069360322,-0.001775848760191794,-2.165817584040596e-05
2921,0.0030142885104715,0.0030497079634379197,-3.541945296641966e-05
2922,-0.0001170868784637,-3.768454611388345e-06,-0.00011331842385231165
2923,-0.0008587376556461,-0.0006728676840862365,-0.00018586997155986345
2924,0.0,-3.768454611388345e-06,3.768454611388345e-06
2925,-0.0084384888854163,-0.008555575943767315,0.00011708705835101509
2926,0.0156416216855126,0.015771769379586856,-0.000130147694074257
2927,-0.0157886569943362,-0.015793149282641097,4.492288304899089e-06
2928,0.0059122620314533,0.0058255124902469166,8.674954120638321e-05
2929,0.0,-3.768454611388345e-06,3.768454611388345e-06
2930,-0.0101876885701971,-0.010147938211296002,-3.975035890109793e-05
2931,0.0055817267724951,0.005545162175716109,3.656459677899102e-05
2932,0.0035036611290448,0.0033944570558594655,0.00010920407318533443
2933,0.0049036914989604,0.004918908682318196,-1.5217183357796489e-05
2934,0.0,-3.768454611388345e-06,3.768454611388345e-06
2935,-0.0082760774515927,-0.008080952322623748,-0.0001951251289689527
2936,0.0016926468272713,0.0016414981236350706,5.114870363622935e-05
2937,0.0018469760679058,0.0017971132956659135,4.986277223988653e-05
2938,-0.0035302424099787,-0.003449832159346569,-8.041025063213131e-05
2939,3.936387970404631e-05,-3.768454611388345e-06,4.3132334315434656e-05
2940,-0.006416059830742,-0.006555373098655358,0.00013931326791335758
2941,0.0041597337770382,0.00416643332581034,-6.699548772140344e-06
2942,-0.0029589300508937,-0.002901631371296817,-5.7298679596883006e-05
2943,-0.000474833808167,-0.0005290140041676797,5.418019600067974e-05
2944,-0.017458432304038,-0.017377678961841437,-8.075334219656213e-05
2945,-0.0015713767677987,-0.0015271266407745451,-4.4250127024154885e-05
2946,-0.0004842615012107,-0.0005449832002810052,6.072169907030519e-05
2947,0.0002018733850128,-3.768454611388345e-06,0.00020564183962418835
2948,0.0,-3.768454611388345e-06,3.768454611388345e-06
2949,-0.0074274411657854,-0.007394443266705591,-3.2997899079808754e-05
2950,0.001626743665867,0.0015733077323452488,5.343593352175112e-05
2951,-4.0602541719114704e-05,-3.768454611388345e-06,-3.683408710772636e-05
2952,-0.001380542471983,-0.0013444036756660668,-3.6138796316933196e-05
2953,-4.066032365623862e-05,-3.768454611388345e-06,-3.689186904485027e-05
2954,-0.0014638311714716,-0.001498693912407505,3.486274093590495e-05
2955,-0.0002850511055909,-3.768454611388345e-06,-0.00028128265097951166
2956,-0.0027698574338086,-0.002778108635327904,8.2512015193042e-06
2957,0.0043297116248672,0.004336450680482123,-6.739055614923654e-06
2958,0.0,-3.768454611388345e-06,3.768454611388345e-06
2959,-0.0006913941760208,-0.000637627826680447,-5.376634934035299e-05
2960,-0.0029302836677385,-0.0028987039494623636,-3.157971827613638e-05
2961,0.0026123515245519,0.0026616967789900247,-4.934525443812477e-05
2962,-0.0013841957415624,-0.0013489282298641382,-3.526751169826174e-05
2963,8.153614089434491e-05,-3.768454611388345e-06,8.530459550573326e-05
2964,-0.0159797806856629,-0.015988070150744663,8.289465081762898e-06
2965,0.1059695927751771,0.1509445061990233,-0.0449749134238462
2966,7.491478443277799e-05,-3.768454611388345e-06,7.868323904416634e-05
2967,0.0001123637589421,-3.768454611388345e-06,0.00011613221355348835
2968,0.0,-3.768454611388345e-06,3.768454611388345e-06
2969,0.0002996030259905,1.808312031086461e-05,0.0002815199056796354
2970,7.487832272556894e-05,-3.768454611388345e-06,7.864677733695729e-05
2971,7.48727163821794e-05,-3.768454611388345e-06,7.864117099356776e-05
2972,0.0001497342217564,-3.768454611388345e-06,0.00015350267636778835
2973,0.0,-3.768454611388345e-06,3.768454611388345e-06
2974,0.0002619956583576,-1.3035347722129462e-06,0.0002632991931298129
2975,7.483629560334215e-05,-3.768454611388345e-06,7.86047502147305e-05
2976,-0.0034796273431361,-0.0034111215397629796,-6.850580337312059e-05
2977,0.0001877299692123,-3.768454611388345e-06,0.00019149842382368835
2978,-0.0360749277375276,-0.03683438781174611,0.0007594600742185098
2979,-0.0111379390918295,-0.011198872477140133,6.093338531063322e-05
2980,0.0001181474480151,-3.768454611388345e-06,0.00012191590262648835
2981,7.875566056303462e-05,-3.768454611388345e-06,8.252411517442298e-05
2982,-3.937472929860242e-05,-3.768454611388345e-06,-3.560627468721407e-05
2983,0.0,-3.768454611388345e-06,3.768454611388345e-06
2984,0.0005512679162071,0.0005047507754495747,4.651714075752536e-05
2985,0.0014561196379376,0.0014723739883421385,-1.6254350404538553e-05
2986,7.859472629401232e-05,-3.768454611388345e-06,8.236318090540067e-05
2987,-0.0051475500019647,-0.005179623121834359,3.207311986965899e-05
2988,0.0,-3.768454611388345e-06,3.768454611388345e-06
2989,0.0003159807251758,6.195159846769438e-05,0.0002540291267081056
2990,0.0,-3.768454611388345e-06,3.768454611388345e-06
2991,0.0,-3.768454611388345e-06,3.768454611388345e-06
2992,-0.0001184553423358,-3.768454611388345e-06,-0.00011468688772441165
2993,0.0,-3.768454611388345e-06,3.768454611388345e-06
2994,0.0002369387513327,-1.3035347722129462e-06,0.00023824228610491295
2995,3.94804374430624e-05,-3.768454611388345e-06,4.3248892054450744e-05
2996,0.0,-3.768454611388345e-06,3.768454611388345e-06
2997,-0.0760363205684957,-0.09713234631038778,0.02109602574189208
2998,8.545547769611694e-05,-3.768454611388345e-06,8.92239323075053e-05
2999,-0.0093138511492779,-0.009140916442268299,-0.0001729347070096015
3000,0.0097032948076591,0.009666792195597072,3.650261206202855e-05
3001,-0.0004698244564984,-0.0004185390803148624,-5.128537618353759e-05
3002,0.0,-3.768454611388345e-06,3.768454611388345e-06
3003,0.0,-3.768454611388345e-06,3.768454611388345e-06
3004,0.0,-3.768454611388345e-06,3.768454611388345e-06
3005,0.0102128023245875,0.010255103100338165,-4.230077575066542e-05
3006,0.0005921915316611,0.0005448750691684516,4.731646249264839e-05
3007,-0.0057915874022405,-0.005828208406059548,3.662100381904721e-05
3008,4.252062250187372e-05,-3.768454611388345e-06,4.628907711326206e-05
3009,0.0682426973935967,0.07095191306459915,-0.002709215671002449
3010,0.012298996975004,0.012336126236972722,-3.712926196872135e-05
3011,-0.0034993905555773,-0.0034164671973015088,-8.292335827579135e-05
3012,-0.0198469065656565,-0.019809573960176022,-3.733260548047582e-05
3013,-4.025602834034636e-05,-3.768454611388345e-06,-3.648757372895802e-05
3014,0.0168679549114332,0.016841827895391008,2.612701604219267e-05
3015,-0.013262599469496,-0.013250506212698087,-1.2093256797912275e-05
3016,0.0168512277323062,0.01674190648569699,0.00010932124660921125
3017,-0.0252919823232323,-0.025364946519798908,7.296419656660849e-05
3018,-4.04809132492634e-05,-3.768454611388345e-06,-3.671245863787506e-05
3019,0.0,-3.768454611388345e-06,3.768454611388345e-06
3020,-0.0442069468059267,-0.04394162061117818,-0.00026532619474851915
3021,-0.0040660736975858,-0.004076280338224178,1.0206640638377867e-05
3022,0.0270477162541464,0.027037670751336722,1.0045502809679502e-05
3023,0.0,-3.768454611388345e-06,3.768454611388345e-06
3024,-0.0375983436853001,-0.037861568619592056,0.0002632249342919557
3025,0.0049909646329919,0.005046256389541593,-5.52917565496934e-05
3026,-0.0038958814967035,-0.003941487500541926,4.5606003838426223e-05
3027,0.0008166072119311,0.0006942789172325669,0.00012232829469853304
3028,-4.294425835271731e-05,-3.768454611388345e-06,-3.917580374132897e-05
3029,-0.0012024908739531,-0.0010532600956166267,-0.00014923077833647338
3030,0.0218428860128132,0.02184873011348441,-5.844100671208857e-06
3031,-0.0051756785188302,-0.005179623121834359,3.944603004159275e-06
3032,0.0012266305727095,0.0012282642528258334,-1.6336801163332765e-06
