date,price,price.L1
2015-01-02,11.95,11.95
2015-01-04,12.2,11.95
2015-01-05,11.95,12.2
2015-01-06,12.2,11.95
2015-01-07,11.95,12.2
2015-01-08,11.95,11.95
2015-01-09,11.95,11.95
2015-01-11,12.2,11.95
2015-01-12,12.2,12.2
2015-01-13,11.95,12.2
2015-01-14,11.912,11.95
2015-01-15,11.912,11.912
2015-01-16,11.912,11.912
2015-01-18,12.28,11.912
2015-01-19,12.061,12.28
2015-01-20,12.108,12.061
2015-01-21,12.28,12.108
2015-01-22,12.108,12.28
2015-01-23,12.108,12.108
2015-01-26,11.24,12.108
2015-01-27,11.24,11.24
2015-01-28,11.24,11.24
2015-01-29,11.24,11.24
2015-01-30,11.24,11.24
2015-02-01,11.44,11.24
2015-02-02,11.44,11.44
2015-02-03,11.44,11.44
2015-02-04,11.216,11.44
2015-02-05,11.44,11.216
2015-02-06,11.216,11.44
2015-02-08,11.216,11.216
2015-02-09,11.216,11.216
2015-02-10,11.44,11.216
2015-02-11,11.216,11.44
2015-02-12,11.216,11.216
2015-02-13,11.216,11.216
2015-02-15,11.33,11.216
2015-02-16,11.216,11.33
2015-02-17,11.169,11.216
2015-02-18,11.169,11.169
2015-02-19,11.169,11.169
2015-02-20,11.169,11.169
2015-02-22,11.33,11.169
2015-02-23,11.169,11.33
2015-02-24,11.33,11.169
2015-03-01,11.3,11.33
2015-03-02,11.47,11.3
2015-03-03,11.107,11.47
2015-03-04,11.107,11.107
2015-03-05,11.49,11.107
2015-03-06,11.107,11.49
2015-03-08,11.5,11.107
2015-03-09,11.49,11.5
2015-03-10,11.107,11.49
2015-03-11,11.107,11.107
2015-03-12,11.325,11.107
2015-03-13,11.325,11.325
2015-03-15,11.325,11.325
2015-03-16,11.507,11.325
2015-03-17,11.507,11.507
2015-03-18,11.507,11.507
2015-03-19,11.507,11.507
2015-03-20,11.322,11.507
2015-03-22,11.322,11.322
2015-03-23,11.322,11.322
2015-03-24,11.461,11.322
2015-03-25,11.461,11.461
2015-03-26,11.46,11.461
2015-03-27,11.406,11.46
2015-03-29,11.406,11.406
2015-03-30,11.406,11.406
2015-03-31,11.356,11.406
2015-04-01,11.355,11.356
2015-04-02,11.356,11.355
2015-04-03,11.356,11.356
2015-04-06,11.356,11.356
2015-04-07,11.356,11.356
2015-04-08,11.351,11.356
2015-04-09,11.352,11.351
2015-04-10,11.352,11.352
2015-04-13,11.352,11.352
2015-04-14,11.352,11.352
2015-04-15,11.352,11.352
2015-04-16,11.237,11.352
2015-04-17,11.237,11.237
2015-04-19,11.48,11.237
2015-04-20,11.236,11.48
2015-04-21,11.48,11.236
2015-04-22,11.238,11.48
2015-04-23,11.48,11.238
2015-04-24,11.458,11.48
2015-04-27,11.458,11.458
2015-04-28,11.458,11.458
2015-04-29,11.458,11.458
2015-04-30,11.458,11.458
2015-05-01,11.458,11.458
2015-05-03,11.585,11.458
2015-05-04,11.458,11.585
2015-05-05,11.411,11.458
2015-05-06,11.41,11.411
2015-05-07,11.412,11.41
2015-05-08,11.43,11.412
2015-05-10,11.43,11.43
2015-05-11,11.43,11.43
2015-05-12,11.429,11.43
2015-05-13,11.43,11.429
2015-05-14,11.43,11.43
2015-05-15,11.43,11.43
2015-05-17,11.43,11.43
2015-05-18,11.43,11.43
2015-05-19,11.431,11.43
2015-05-20,11.74,11.431
2015-05-21,11.74,11.74
2015-05-22,11.43,11.74
2015-05-24,11.43,11.43
2015-05-25,11.43,11.43
2015-05-26,11.43,11.43
2015-05-27,11.718,11.43
2015-05-28,11.777,11.718
2015-05-29,11.846,11.777
2015-05-30,11.846,11.846
2015-05-31,11.846,11.846
2015-06-01,11.846,11.846
2015-06-02,11.787,11.846
2015-06-03,11.884,11.787
2015-06-04,11.884,11.884
2015-06-05,12.152,11.884
2015-06-07,12.152,12.152
2015-06-08,10.573,12.152
2015-06-09,10.573,10.573
2015-06-10,10.573,10.573
2015-06-11,11.95,10.573
2015-06-12,12.845,11.95
2015-06-14,12.845,12.845
2015-06-15,12.845,12.845
2015-06-16,12.75,12.845
2015-06-17,12.845,12.75
2015-06-18,12.845,12.845
2015-06-19,12.86,12.845
2015-06-21,12.86,12.86
2015-06-22,12.86,12.86
2015-06-23,12.86,12.86
2015-06-24,12.346,12.86
2015-06-25,12.346,12.346
2015-06-26,12.346,12.346
2015-06-28,12.346,12.346
2015-06-29,11.916,12.346
2015-06-30,11.916,11.916
2015-07-01,11.916,11.916
2015-07-02,11.8,11.916
2015-07-03,11.916,11.8
2015-07-05,11.75,11.916
2015-07-06,11.916,11.75
2015-07-07,11.684,11.916
2015-07-08,11.684,11.684
2015-07-09,11.623,11.684
2015-07-10,11.754,11.623
2015-07-12,11.85,11.754
2015-07-13,11.336,11.85
2015-07-14,11.93,11.336
2015-07-15,11.336,11.93
2015-07-16,11.336,11.336
2015-07-17,11.675,11.336
2015-07-18,11.675,11.675
2015-07-20,11.675,11.675
2015-07-21,11.675,11.675
2015-07-22,11.675,11.675
2015-07-23,11.675,11.675
2015-07-24,11.77,11.675
2015-07-26,11.91,11.77
2015-07-27,11.156,11.91
2015-07-28,11.93,11.156
2015-07-29,11.94,11.93
2015-07-30,11.94,11.94
2015-07-31,11.86,11.94
2015-08-02,11.85,11.86
2015-08-03,11.85,11.85
2015-08-04,11.84,11.85
2015-08-05,11.84,11.84
2015-08-06,11.781,11.84
2015-08-07,11.781,11.781
2015-08-10,11.85,11.781
2015-08-11,11.527,11.85
2015-08-12,11.527,11.527
2015-08-13,11.71,11.527
2015-08-14,11.71,11.71
2015-08-16,11.71,11.71
2015-08-17,11.84,11.71
2015-08-18,11.69,11.84
2015-08-19,11.243,11.69
2015-08-20,11.635,11.243
2015-08-21,11.582,11.635
2015-08-23,11.582,11.582
2015-08-24,11.582,11.582
2015-08-25,11.477,11.582
2015-08-26,11.75,11.477
2015-08-27,11.617,11.75
2015-08-28,11.617,11.617
2015-08-30,11.617,11.617
2015-08-31,11.587,11.617
2015-09-01,11.71,11.587
2015-09-02,11.72,11.71
2015-09-03,11.585,11.72
2015-09-04,11.585,11.585
2015-09-06,11.585,11.585
2015-09-07,11.647,11.585
2015-09-08,11.71,11.647
2015-09-09,11.657,11.71
2015-09-10,11.71,11.657
2015-09-11,11.657,11.71
2015-09-13,11.657,11.657
2015-09-14,11.648,11.657
2015-09-15,11.568,11.648
2015-09-16,11.586,11.568
2015-09-17,11.618,11.586
2015-09-18,11.546,11.618
2015-09-20,11.546,11.546
2015-09-21,11.377,11.546
2015-09-22,11.506,11.377
2015-09-24,11.506,11.506
2015-09-27,11.506,11.506
2015-09-28,11.621,11.506
2015-09-29,11.514,11.621
2015-09-30,11.69,11.514
2015-10-01,11.391,11.69
2015-10-02,11.391,11.391
2015-10-03,11.391,11.391
2015-10-04,11.391,11.391
2015-10-05,11.354,11.391
2015-10-06,11.468,11.354
2015-10-07,11.468,11.468
2015-10-08,11.59,11.468
2015-10-09,11.447,11.59
2015-10-11,11.447,11.447
2015-10-12,11.416,11.447
2015-10-13,11.585,11.416
2015-10-14,11.585,11.585
2015-10-18,11.585,11.585
2015-10-29,11.585,11.585
2015-11-09,11.585,11.585
2015-11-13,11.585,11.585
2015-11-22,11.585,11.585
2015-12-06,11.66,11.585
2015-12-09,11.65,11.66
2015-12-10,11.408,11.65
2015-12-11,11.566,11.408
2015-12-13,11.566,11.566
2015-12-14,11.4,11.566
2015-12-15,11.514,11.4
2015-12-16,11.593,11.514
2015-12-17,11.517,11.593
2015-12-18,11.523,11.517
2015-12-20,11.523,11.523
2015-12-21,12.399,11.523
2015-12-22,11.161,12.399
2015-12-23,11.599,11.161
2015-12-24,11.599,11.599
2015-12-25,11.599,11.599
2015-12-27,11.599,11.599
2015-12-28,11.099,11.599
2015-12-29,11.099,11.099
2015-12-30,11.569,11.099
2015-12-31,11.528,11.569
2016-01-01,11.528,11.528
2016-01-03,11.528,11.528
2016-01-04,11.79,11.528
2016-01-05,11.731,11.79
2016-01-06,11.732,11.731
2016-01-07,11.84,11.732
2016-01-08,11.839,11.84
2016-01-10,11.839,11.839
2016-01-11,11.691,11.839
2016-01-12,11.467,11.691
2016-01-13,11.933,11.467
2016-01-14,12.004,11.933
2016-01-15,12.009,12.004
2016-01-17,12.009,12.009
2016-01-18,12.063,12.009
2016-01-19,12.082,12.063
2016-01-20,12.066,12.082
2016-01-21,12.076,12.066
2016-01-22,12.058,12.076
2016-01-24,12.058,12.058
2016-01-25,11.463,12.058
2016-01-26,11.463,11.463
2016-01-27,12.056,11.463
2016-01-28,11.949,12.056
2016-01-29,11.948,11.949
2016-01-31,11.948,11.948
2016-02-01,11.8,11.948
2016-02-02,12.026,11.8
2016-02-03,11.93,12.026
2016-02-04,11.942,11.93
2016-02-05,11.896,11.942
2016-02-07,11.896,11.896
2016-02-08,15.749,11.896
2016-02-09,12.15,15.749
2016-02-10,12.011,12.15
2016-02-11,12.121,12.011
2016-02-12,12.121,12.121
2016-02-14,12.121,12.121
2016-02-15,11.98,12.121
2016-02-16,11.98,11.98
2016-02-17,12.09,11.98
2016-02-18,12.142,12.09
2016-02-19,12.123,12.142
2016-02-21,12.123,12.123
2016-02-22,11.771,12.123
2016-02-23,11.741,11.771
2016-02-24,12.182,11.741
2016-02-25,12.017,12.182
2016-02-26,12.212,12.017
2016-02-28,12.212,12.212
2016-02-29,12.174,12.212
2016-03-01,12.216,12.174
2016-03-02,12.303,12.216
2016-03-03,12.206,12.303
2016-03-04,11.752,12.206
2016-03-06,11.752,11.752
2016-03-07,12.281,11.752
2016-03-08,11.708,12.281
2016-03-09,12.451,11.708
2016-03-10,12.533,12.451
2016-03-11,12.533,12.533
2016-03-13,12.52,12.533
2016-03-14,12.465,12.52
2016-03-17,12.52,12.465
2016-03-18,12.52,12.52
2016-03-20,12.52,12.52
2016-03-21,13.64,12.52
2016-03-22,13.781,13.64
2016-03-23,13.732,13.781
2016-03-24,13.533,13.732
2016-03-25,13.533,13.533
2016-03-28,13.533,13.533
2016-03-29,13.298,13.533
2016-03-30,14.247,13.298
2016-03-31,14.45,14.247
2016-04-01,14.45,14.45
2016-04-03,14.45,14.45
2016-04-04,14.151,14.45
2016-04-05,14.26,14.151
2016-04-06,14.05,14.26
2016-04-07,14.007,14.05
2016-04-08,13.87,14.007
2016-04-10,13.87,13.87
2016-04-11,14.24,13.87
2016-04-12,13.929,14.24
2016-04-13,13.849,13.929
2016-04-14,13.907,13.849
2016-04-15,13.975,13.907
2016-04-17,14.24,13.975
2016-04-18,14.089,14.24
2016-04-25,14.148,14.089
2016-04-26,14.083,14.148
2016-04-27,14.401,14.083
2016-04-28,14.159,14.401
2016-04-29,14.159,14.159
2016-05-03,14.159,14.159
2016-05-04,13.899,14.159
2016-05-05,13.906,13.899
2016-05-06,13.905,13.906
2016-05-08,13.905,13.905
2016-05-09,13.906,13.905
2016-05-10,13.99,13.906
2016-05-11,13.945,13.99
2016-05-12,13.973,13.945
2016-05-13,13.889,13.973
2016-05-15,13.889,13.889
2016-05-16,13.889,13.889
2016-05-18,13.868,13.889
2016-05-19,14.117,13.868
2016-05-20,14.01,14.117
2016-05-22,14.01,14.01
2016-05-23,13.928,14.01
2016-05-25,13.75,13.928
2016-05-26,13.75,13.75
2016-05-27,13.929,13.75
2016-05-29,13.929,13.929
2016-05-30,13.844,13.929
2016-05-31,14.02,13.844
2016-06-01,13.793,14.02
2016-06-02,13.793,13.793
2016-06-03,13.792,13.793
2016-06-05,13.792,13.792
2016-06-06,13.884,13.792
2016-06-07,14.366,13.884
2016-06-08,13.871,14.366
2016-06-09,14.132,13.871
2016-06-10,14.132,14.132
2016-06-12,14.132,14.132
2016-06-13,13.787,14.132
2016-06-14,13.914,13.787
2016-06-15,14.066,13.914
2016-06-16,13.987,14.066
2016-06-17,13.988,13.987
2016-06-19,13.988,13.988
2016-06-20,14.132,13.988
2016-06-21,14.131,14.132
2016-06-22,14.479,14.131
2016-06-23,14.114,14.479
2016-06-24,14.114,14.114
2016-06-26,14.114,14.114
2016-06-27,14.471,14.114
2016-06-28,14.733,14.471
2016-06-29,15.116,14.733
2016-06-30,15.116,15.116
2016-07-01,15.115,15.116
2016-07-03,15.115,15.115
2016-07-04,15.04,15.115
2016-07-05,15.281,15.04
2016-07-08,15.281,15.281
2016-07-10,15.25,15.281
2016-07-11,15.307,15.25
2016-07-12,15.308,15.307
2016-07-13,15.432,15.308
2016-07-14,14.836,15.432
2016-07-15,14.836,14.836
2016-07-17,14.836,14.836
2016-07-18,15.191,14.836
2016-07-19,14.593,15.191
2016-07-20,15.712,14.593
2016-07-21,15.711,15.712
2016-07-22,15.712,15.711
2016-07-24,15.712,15.712
2016-07-25,15.646,15.712
2016-07-26,15.567,15.646
2016-07-27,15.566,15.567
2016-07-28,15.567,15.566
2016-07-29,15.567,15.567
2016-08-01,15.281,15.567
2016-08-03,15.75,15.281
2016-08-04,15.983,15.75
2016-08-05,15.983,15.983
2016-08-06,15.983,15.983
2016-08-07,15.983,15.983
2016-08-08,15.983,15.983
2016-08-09,15.982,15.983
2016-08-10,15.838,15.982
2016-08-11,15.715,15.838
2016-08-12,15.715,15.715
2016-08-13,15.715,15.715
2016-08-14,15.715,15.715
2016-08-15,15.989,15.715
2016-08-16,15.479,15.989
2016-08-17,15.914,15.479
2016-08-18,15.914,15.914
2016-08-19,15.913,15.914
2016-08-22,15.825,15.913
2016-08-23,16.022,15.825
2016-08-24,15.756,16.022
2016-08-25,15.756,15.756
2016-08-26,15.756,15.756
2016-08-28,15.756,15.756
2016-08-29,15.763,15.756
2016-08-30,15.764,15.763
2016-08-31,15.901,15.764
2016-09-01,15.975,15.901
2016-09-02,15.974,15.975
2016-09-04,15.974,15.974
2016-09-05,16.291,15.974
2016-09-06,16.044,16.291
2016-09-07,16.209,16.044
2016-09-08,16.164,16.209
2016-09-09,16.164,16.164
2016-09-14,16.154,16.164
2016-09-15,16.288,16.154
2016-09-16,16.288,16.288
2016-09-17,16.288,16.288
2016-09-18,16.288,16.288
2016-09-19,15.901,16.288
2016-09-20,16.15,15.901
2016-09-21,16.151,16.15
2016-09-22,16.417,16.151
2016-09-23,16.418,16.417
2016-09-24,16.418,16.418
2016-09-25,16.418,16.418
2016-09-26,16.418,16.418
2016-09-27,16.346,16.418
2016-09-28,15.907,16.346
2016-09-29,16.254,15.907
2016-09-30,16.254,16.254
2016-10-02,16.254,16.254
2016-10-03,16.233,16.254
2016-10-04,16.354,16.233
2016-10-05,16.354,16.354
2016-10-06,16.419,16.354
2016-10-07,16.419,16.419
2016-10-09,16.419,16.419
2016-10-10,16.42,16.419
2016-10-11,16.42,16.42
2016-10-12,16.42,16.42
2016-10-13,16.42,16.42
2016-10-14,16.419,16.42
2016-10-15,16.419,16.419
2016-10-17,16.42,16.419
2016-10-18,16.42,16.42
2016-10-19,16.42,16.42
2016-10-20,16.491,16.42
2016-10-21,16.49,16.491
2016-10-23,16.49,16.49
2016-10-24,16.384,16.49
2016-10-25,15.451,16.384
2016-10-26,16.365,15.451
2016-10-27,16.364,16.365
2016-10-28,16.333,16.364
2016-10-30,16.333,16.333
2016-10-31,16.271,16.333
2016-11-01,16.271,16.271
2016-11-02,16.271,16.271
2016-11-03,16.076,16.271
2016-11-04,16.077,16.076
2016-11-06,16.077,16.077
2016-11-07,20.438,16.077
2016-11-08,20.5,20.438
2016-11-09,20.5,20.5
2016-11-10,20.32,20.5
2016-11-11,20.319,20.32
2016-11-14,20.319,20.319
2016-11-15,18.876,20.319
2016-11-16,18.6,18.876
2016-11-17,18.348,18.6
2016-11-18,18.347,18.348
2016-11-21,18.073,18.347
2016-11-22,17.531,18.073
2016-11-23,17.414,17.531
2016-11-24,17.641,17.414
2016-11-25,17.641,17.641
2016-11-27,17.641,17.641
2016-11-28,17.64,17.641
2016-11-29,17.934,17.64
2016-11-30,17.935,17.934
2016-12-01,18.065,17.935
2016-12-02,18.065,18.065
2016-12-04,18.065,18.065
2016-12-05,18.601,18.065
2016-12-06,18.317,18.601
2016-12-07,18.341,18.317
2016-12-08,18.283,18.341
2016-12-09,18.283,18.283
2016-12-11,18.283,18.283
2016-12-12,18.282,18.283
2016-12-13,18.282,18.282
2016-12-14,18.746,18.282
2016-12-15,19.099,18.746
2016-12-16,18.429,19.099
2016-12-18,18.429,18.429
2016-12-19,18.503,18.429
2016-12-20,18.504,18.503
2016-12-21,18.503,18.504
2016-12-22,19.014,18.503
2016-12-23,19.013,19.014
2016-12-25,19.013,19.013
2016-12-26,19.013,19.013
2016-12-27,18.861,19.013
2016-12-28,19.172,18.861
2016-12-29,19.106,19.172
2016-12-30,19.105,19.106
2017-01-02,19.888,19.105
2017-01-03,19.888,19.888
2017-01-04,19.889,19.888
2017-01-05,19.887,19.889
2017-01-06,19.887,19.887
2017-01-08,19.887,19.887
2017-01-09,19.87,19.887
2017-01-10,19.869,19.87
2017-01-11,19.87,19.869
2017-01-12,19.939,19.87
2017-01-13,19.938,19.939
2017-01-15,19.938,19.938
2017-01-16,20.124,19.938
2017-01-17,20.124,20.124
2017-01-18,20.14,20.124
2017-01-19,20.14,20.14
2017-01-20,20.14,20.14
2017-01-22,20.14,20.14
2017-01-23,20.19,20.14
2017-01-24,20.19,20.19
2017-01-25,20.19,20.19
2017-01-26,20.19,20.19
2017-01-27,20.189,20.19
2017-01-29,20.189,20.189
2017-01-30,19.982,20.189
2017-01-31,20.241,19.982
2017-02-01,19.983,20.241
2017-02-02,19.983,19.983
2017-02-03,19.983,19.983
2017-02-05,19.983,19.983
2017-02-06,19.372,19.983
2017-02-07,19.91,19.372
2017-02-08,19.372,19.91
2017-02-09,19.373,19.372
2017-02-10,18.379,19.373
2017-02-12,18.379,18.379
2017-02-13,18.379,18.379
2017-02-14,18.379,18.379
2017-02-15,17.501,18.379
2017-02-16,17.501,17.501
2017-02-17,17.502,17.501
2017-02-19,17.502,17.502
2017-02-20,17.502,17.502
2017-02-21,18.925,17.502
2017-02-22,18.925,18.925
2017-02-23,18.924,18.925
2017-02-24,18.925,18.924
2017-02-26,18.925,18.925
2017-02-27,19.788,18.925
2017-02-28,19.809,19.788
2017-03-01,19.809,19.809
2017-03-02,19.912,19.809
2017-03-03,19.913,19.912
2017-03-05,19.913,19.913
2017-03-06,19.964,19.913
2017-03-07,19.964,19.964
2017-03-08,19.965,19.964
2017-03-09,19.028,19.965
2017-03-10,19.029,19.028
2017-03-12,19.029,19.029
2017-03-13,18.844,19.029
2017-03-14,18.844,18.844
2017-03-15,18.845,18.844
2017-03-16,19.178,18.845
2017-03-17,19.178,19.178
2017-03-18,19.178,19.178
2017-03-19,19.178,19.178
2017-03-20,19.239,19.178
2017-03-21,19.238,19.239
2017-03-22,19.239,19.238
2017-03-23,19.215,19.239
2017-03-24,19.214,19.215
2017-03-26,19.214,19.214
2017-03-27,19.214,19.214
2017-03-28,19.213,19.214
2017-03-29,19.184,19.213
2017-03-30,19.184,19.184
2017-03-31,19.185,19.184
2017-04-02,19.185,19.185
2017-04-03,19.177,19.185
2017-04-04,19.242,19.177
2017-04-05,19.176,19.242
2017-04-06,19.243,19.176
2017-04-07,19.242,19.243
2017-04-09,19.242,19.242
2017-04-10,19.242,19.242
2017-04-11,19.243,19.242
2017-04-12,19.242,19.243
2017-04-13,19.242,19.242
2017-04-14,19.242,19.242
2017-04-17,19.242,19.242
2017-04-18,19.242,19.242
2017-04-19,19.242,19.242
2017-04-20,19.243,19.242
2017-04-21,19.243,19.243
2017-04-22,19.243,19.243
2017-04-23,19.243,19.243
2017-04-24,19.242,19.243
2017-04-25,19.241,19.242
2017-04-26,19.063,19.241
2017-04-27,19.063,19.063
2017-04-28,19.062,19.063
2017-04-30,19.242,19.062
2017-05-01,19.242,19.242
2017-05-02,19.242,19.242
2017-05-03,19.242,19.242
2017-05-04,19.242,19.242
2017-05-05,19.241,19.242
2017-05-07,19.241,19.241
2017-05-08,19.242,19.241
2017-05-09,19.242,19.242
2017-05-10,19.243,19.242
2017-05-11,19.313,19.243
2017-05-12,19.313,19.313
2017-05-14,19.313,19.313
2017-05-15,19.394,19.313
2017-05-16,19.6,19.394
2017-05-17,19.395,19.6
2017-05-18,19.71,19.395
2017-05-19,19.711,19.71
2017-05-21,19.711,19.711
2017-05-22,19.712,19.711
2017-05-23,19.712,19.712
2017-05-24,19.712,19.712
2017-05-25,19.712,19.712
2017-05-26,19.712,19.712
2017-05-28,19.712,19.712
2017-05-29,19.711,19.712
2017-05-30,19.345,19.711
2017-05-31,19.345,19.345
2017-06-01,20.272,19.345
2017-06-02,20.5,20.272
2017-06-04,20.5,20.5
2017-06-05,20.4,20.5
2017-06-06,20.4,20.4
2017-06-07,20.4,20.4
2017-06-08,20.41,20.4
2017-06-09,20.412,20.41
2017-06-11,20.412,20.412
2017-06-12,20.275,20.412
2017-06-13,20.275,20.275
2017-06-14,20.274,20.275
2017-06-15,20.31,20.274
2017-06-16,20.31,20.31
2017-06-18,20.31,20.31
2017-06-19,20.309,20.31
2017-06-20,20.31,20.309
2017-06-21,20.31,20.31
2017-06-22,20.391,20.31
2017-06-23,20.391,20.391
2017-06-25,20.391,20.391
2017-06-26,20.491,20.391
2017-06-27,20.491,20.491
2017-06-28,20.491,20.491
2017-06-29,20.432,20.491
2017-06-30,20.431,20.432
2017-07-01,20.431,20.431
2017-07-02,20.431,20.431
2017-07-03,21.049,20.431
2017-07-04,21.048,21.049
2017-07-05,21.048,21.048
2017-07-06,21.047,21.048
2017-07-07,21.049,21.047
2017-07-09,21.049,21.049
2017-07-10,21.048,21.049
2017-07-11,22.292,21.048
2017-07-12,22.292,22.292
2017-07-13,22.066,22.292
2017-07-14,22.066,22.066
2017-07-16,22.066,22.066
2017-07-17,21.844,22.066
2017-07-18,21.845,21.844
2017-07-19,21.844,21.845
2017-07-20,21.731,21.844
2017-07-21,21.731,21.731
2017-07-24,21.604,21.731
2017-07-25,21.606,21.604
2017-07-26,21.605,21.606
2017-07-27,21.052,21.605
2017-07-28,21.051,21.052
2017-07-30,21.051,21.051
2017-07-31,20.601,21.051
2017-08-01,20.602,20.601
2017-08-02,20.602,20.602
2017-08-03,20.601,20.602
2017-08-04,19.464,20.601
2017-08-06,19.464,19.464
2017-08-07,18.895,19.464
2017-08-08,18.894,18.895
2017-08-09,19.1,18.894
2017-08-10,18.705,19.1
2017-08-11,18.705,18.705
2017-08-13,18.705,18.705
2017-08-14,18.875,18.705
2017-08-15,18.955,18.875
2017-08-16,18.954,18.955
2017-08-17,19.315,18.954
2017-08-18,19.337,19.315
2017-08-20,19.315,19.337
2017-08-21,18.954,19.315
2017-08-22,18.954,18.954
2017-08-23,18.955,18.954
2017-08-24,18.95,18.955
2017-08-25,18.949,18.95
2017-08-27,18.949,18.949
2017-08-28,19.015,18.949
2017-08-29,19.015,19.015
2017-08-30,19.015,19.015
2017-08-31,19.237,19.015
2017-09-04,19.235,19.237
2017-09-05,19.235,19.235
2017-09-06,19.235,19.235
2017-09-07,18.819,19.235
2017-09-08,18.819,18.819
2017-09-10,18.819,18.819
2017-09-11,18.601,18.819
2017-09-12,18.616,18.601
2017-09-13,18.616,18.616
2017-09-14,18.6,18.616
2017-09-15,18.6,18.6
2017-09-17,18.6,18.6
2017-09-18,18.507,18.6
2017-09-19,18.512,18.507
2017-09-20,18.512,18.512
2017-09-21,17.9,18.512
2017-09-22,17.9,17.9
2017-09-24,17.9,17.9
2017-09-25,17.699,17.9
2017-09-26,17.7,17.699
2017-09-27,17.715,17.7
2017-09-28,17.792,17.715
2017-09-29,17.793,17.792
2017-10-01,17.793,17.793
2017-10-02,18.004,17.793
2017-10-03,18.011,18.004
2017-10-04,18.011,18.011
2017-10-05,18.011,18.011
2017-10-06,18.0,18.011
2017-10-08,18.0,18.0
2017-10-09,18.45,18.0
2017-10-10,18.501,18.45
2017-10-11,18.5,18.501
2017-10-12,18.501,18.5
2017-10-13,18.5,18.501
2017-10-16,17.984,18.5
2017-10-17,17.983,17.984
2017-10-18,17.983,17.983
2017-10-19,17.851,17.983
2017-10-20,17.851,17.851
2017-10-22,17.851,17.851
2017-10-23,17.75,17.851
2017-10-24,17.75,17.75
2017-10-25,17.749,17.75
2017-10-26,17.72,17.749
2017-10-27,17.72,17.72
2017-10-29,17.72,17.72
2017-10-30,17.616,17.72
2017-10-31,17.616,17.616
2017-11-01,17.615,17.616
2017-11-02,17.657,17.615
2017-11-03,17.658,17.657
2017-11-05,17.658,17.658
2017-11-06,17.66,17.658
2017-11-07,17.659,17.66
2017-11-08,17.66,17.659
2017-11-09,17.778,17.66
2017-11-10,17.777,17.778
2017-11-12,17.777,17.777
2017-11-13,17.764,17.777
2017-11-14,17.764,17.764
2017-11-15,17.763,17.764
2017-11-16,17.763,17.763
2017-11-17,17.764,17.763
2017-11-19,17.764,17.764
2017-11-20,17.764,17.764
2017-11-21,17.764,17.764
2017-11-22,17.763,17.764
2017-11-23,18.053,17.763
2017-11-24,18.053,18.053
2017-11-26,18.053,18.053
2017-11-27,18.21,18.053
2017-11-28,18.21,18.21
2017-11-29,18.21,18.21
2017-11-30,18.503,18.21
2017-12-01,18.503,18.503
2017-12-03,18.503,18.503
2017-12-04,18.643,18.503
2017-12-05,18.642,18.643
2017-12-06,18.642,18.642
2017-12-07,18.722,18.642
2017-12-08,18.723,18.722
2017-12-11,18.822,18.723
2017-12-12,18.821,18.822
2017-12-13,18.821,18.821
2017-12-14,18.185,18.821
2017-12-15,18.184,18.185
2017-12-16,18.184,18.184
2017-12-17,18.184,18.184
2017-12-18,18.039,18.184
2017-12-19,18.039,18.039
2017-12-20,18.038,18.039
2017-12-21,17.674,18.038
2017-12-22,17.673,17.674
2017-12-24,17.673,17.673
2017-12-25,17.673,17.673
2017-12-26,17.673,17.673
2017-12-27,17.755,17.673
2017-12-28,17.823,17.755
2017-12-29,17.65,17.823
2017-12-31,17.65,17.65
2018-01-01,17.65,17.65
2018-01-02,17.7,17.65
2018-01-03,17.7,17.7
2018-01-04,18.245,17.7
2018-01-05,18.244,18.245
2018-01-07,18.244,18.244
2018-01-08,18.249,18.244
2018-01-09,18.249,18.249
2018-01-10,18.249,18.249
2018-01-11,17.555,18.249
2018-01-12,17.555,17.555
2018-01-14,17.555,17.555
2018-01-15,17.5,17.555
2018-01-16,17.5,17.5
2018-01-17,17.5,17.5
2018-01-18,17.514,17.5
2018-01-19,17.514,17.514
2018-01-21,17.514,17.514
2018-01-22,17.495,17.514
2018-01-23,17.495,17.495
2018-01-24,17.495,17.495
2018-01-25,17.485,17.495
2018-01-26,17.485,17.485
2018-01-28,17.485,17.485
2018-01-29,17.0,17.485
2018-01-30,17.0,17.0
2018-01-31,17.001,17.0
2018-02-01,16.733,17.001
2018-02-02,16.733,16.733
2018-02-04,16.733,16.733
2018-02-05,16.523,16.733
2018-02-06,16.523,16.523
2018-02-07,16.523,16.523
2018-02-08,16.524,16.523
2018-02-09,16.523,16.524
2018-02-11,16.523,16.523
2018-02-12,16.523,16.523
2018-02-13,16.469,16.523
2018-02-14,16.469,16.469
2018-02-15,16.601,16.469
2018-02-16,16.644,16.601
2018-02-18,16.644,16.644
2018-02-19,16.618,16.644
2018-02-20,16.618,16.618
2018-02-21,16.618,16.618
2018-02-22,16.844,16.618
2018-02-23,16.844,16.844
2018-02-25,16.844,16.844
2018-02-26,16.902,16.844
2018-02-27,16.902,16.902
2018-02-28,16.902,16.902
2018-03-01,16.902,16.902
2018-03-02,16.962,16.902
2018-03-04,16.962,16.962
2018-03-05,16.935,16.962
2018-03-06,16.935,16.935
2018-03-07,16.935,16.935
2018-03-08,16.9,16.935
2018-03-09,16.601,16.9
2018-03-11,16.601,16.601
2018-03-12,16.6,16.601
2018-03-13,16.6,16.6
2018-03-14,16.601,16.6
2018-03-15,16.704,16.601
2018-03-16,16.704,16.704
2018-03-18,16.704,16.704
2018-03-19,16.74,16.704
2018-03-20,16.74,16.74
2018-03-21,16.74,16.74
2018-03-22,16.756,16.74
2018-03-23,16.757,16.756
2018-03-25,16.757,16.757
2018-03-26,16.837,16.757
2018-03-27,16.837,16.837
2018-03-28,16.837,16.837
2018-03-29,16.736,16.837
2018-03-30,16.69,16.736
2018-04-01,16.69,16.69
2018-04-02,16.609,16.69
2018-04-03,16.608,16.609
2018-04-04,16.608,16.608
2018-04-05,16.608,16.608
2018-04-06,16.735,16.608
2018-04-09,16.656,16.735
2018-04-10,16.656,16.656
2018-04-11,16.655,16.656
2018-04-12,16.835,16.655
2018-04-13,16.835,16.835
2018-04-15,16.835,16.835
2018-04-16,16.836,16.835
2018-04-17,16.834,16.836
2018-04-18,16.835,16.834
2018-04-19,16.835,16.835
2018-04-20,16.835,16.835
2018-04-22,16.835,16.835
2018-04-23,16.835,16.835
2018-04-24,16.834,16.835
2018-04-25,16.836,16.834
2018-04-26,17.048,16.836
2018-04-27,17.047,17.048
2018-04-29,17.047,17.047
2018-04-30,17.114,17.047
2018-05-01,17.114,17.114
2018-05-02,17.114,17.114
2018-05-03,16.976,17.114
2018-05-04,16.975,16.976
2018-05-06,16.975,16.975
2018-05-07,17.1,16.975
2018-05-08,17.1,17.1
2018-05-09,17.1,17.1
2018-05-10,17.1,17.1
2018-05-11,17.099,17.1
2018-05-13,17.099,17.099
2018-05-14,17.855,17.099
2018-05-15,17.854,17.855
2018-05-16,17.855,17.854
2018-05-17,18.401,17.855
2018-05-18,18.4,18.401
2018-05-20,18.4,18.4
2018-05-21,18.551,18.4
2018-05-22,18.55,18.551
2018-05-23,18.55,18.55
2018-05-24,18.415,18.55
2018-05-25,18.415,18.415
2018-05-27,18.415,18.415
2018-05-28,18.55,18.415
2018-05-29,18.549,18.55
2018-05-30,18.611,18.549
2018-05-31,18.662,18.611
2018-06-01,18.663,18.662
2018-06-04,18.663,18.663
2018-06-05,18.547,18.663
2018-06-06,18.546,18.547
2018-06-07,18.364,18.546
2018-06-08,18.364,18.364
2018-06-11,18.364,18.364
2018-06-12,18.365,18.364
2018-06-13,18.442,18.365
2018-06-14,18.529,18.442
2018-06-15,18.528,18.529
2018-06-18,18.528,18.528
2018-06-19,18.529,18.528
2018-06-20,18.558,18.529
2018-06-21,19.037,18.558
2018-06-22,19.037,19.037
2018-06-25,19.16,19.037
2018-06-26,19.16,19.16
2018-06-27,19.159,19.16
2018-06-28,19.115,19.159
2018-06-29,19.115,19.115
2018-07-02,19.175,19.115
2018-07-03,19.175,19.175
2018-07-04,19.176,19.175
2018-07-05,19.469,19.176
2018-07-06,19.47,19.469
2018-07-09,19.506,19.47
2018-07-10,19.506,19.506
2018-07-11,19.506,19.506
2018-07-12,19.45,19.506
2018-07-13,19.45,19.45
2018-07-16,19.45,19.45
2018-07-17,19.45,19.45
2018-07-18,19.449,19.45
2018-07-19,19.45,19.449
2018-07-20,19.451,19.45
2018-07-23,19.141,19.451
2018-07-24,19.141,19.141
2018-07-25,19.142,19.141
2018-07-26,18.724,19.142
2018-07-27,18.725,18.724
2018-07-30,18.702,18.725
2018-07-31,18.703,18.702
2018-08-01,18.721,18.703
2018-08-02,18.716,18.721
2018-08-03,18.716,18.716
2018-08-06,18.716,18.716
2018-08-07,18.716,18.716
2018-08-08,18.717,18.716
2018-08-09,18.715,18.717
2018-08-10,18.715,18.715
2018-08-13,18.715,18.715
2018-08-14,18.716,18.715
2018-08-15,18.715,18.716
2018-08-16,18.715,18.715
2018-08-17,18.715,18.715
2018-08-20,18.716,18.715
2018-08-21,19.06,18.716
2018-08-22,19.06,19.06
2018-08-23,19.06,19.06
2018-08-24,19.059,19.06
2018-08-27,19.124,19.059
2018-08-28,19.123,19.124
2018-08-29,19.124,19.123
2018-08-30,19.235,19.124
2018-08-31,19.235,19.235
2018-09-03,19.36,19.235
2018-09-04,19.36,19.36
2018-09-05,19.36,19.36
2018-09-06,19.19,19.36
2018-09-07,19.19,19.19
2018-09-10,19.3,19.19
2018-09-11,19.3,19.3
2018-09-12,19.3,19.3
2018-09-13,19.292,19.3
2018-09-14,19.291,19.292
2018-09-17,19.497,19.291
2018-09-18,19.497,19.497
2018-09-19,19.498,19.497
2018-09-20,19.45,19.498
2018-09-21,19.45,19.45
2018-09-24,19.555,19.45
2018-09-25,19.556,19.555
2018-09-26,19.555,19.556
2018-09-27,19.66,19.555
2018-09-28,19.66,19.66
2018-10-01,19.673,19.66
2018-10-02,19.674,19.673
2018-10-03,19.674,19.674
2018-10-04,19.626,19.674
2018-10-05,19.626,19.626
2018-10-08,19.626,19.626
2018-10-09,19.672,19.626
2018-10-10,19.672,19.672
2018-10-11,19.837,19.672
2018-10-12,19.836,19.837
2018-10-15,19.84,19.836
2018-10-16,19.84,19.84
2018-10-17,19.839,19.84
2018-10-18,19.814,19.839
2018-10-19,19.814,19.814
2018-10-22,19.875,19.814
2018-10-23,19.876,19.875
2018-10-24,19.875,19.876
2018-10-25,19.824,19.875
2018-10-26,19.825,19.824
2018-10-29,19.806,19.825
2018-10-30,19.806,19.806
2018-10-31,19.807,19.806
2018-11-01,19.804,19.807
2018-11-02,19.806,19.804
2018-11-05,19.806,19.806
2018-11-06,19.806,19.806
2018-11-07,19.804,19.806
2018-11-08,19.805,19.804
2018-11-09,19.806,19.805
2018-11-12,19.804,19.806
2018-11-13,19.805,19.804
2018-11-14,19.805,19.805
2018-11-15,19.873,19.805
2018-11-16,19.874,19.873
2018-11-19,19.873,19.874
2018-11-20,19.873,19.873
2018-11-21,19.873,19.873
2018-11-22,19.925,19.873
2018-11-23,19.925,19.925
2018-11-26,19.933,19.925
2018-11-27,19.932,19.933
2018-11-28,19.933,19.932
2018-11-29,19.962,19.933
2018-11-30,19.962,19.962
2018-12-03,19.942,19.962
2018-12-04,19.941,19.942
2018-12-05,19.955,19.941
2018-12-06,19.978,19.955
2018-12-07,19.978,19.978
2018-12-10,19.98,19.978
2018-12-11,19.98,19.98
2018-12-12,19.98,19.98
2018-12-13,19.983,19.98
2018-12-14,19.984,19.983
2018-12-17,19.983,19.984
2018-12-18,19.983,19.983
2018-12-19,19.984,19.983
2018-12-20,19.983,19.984
2018-12-21,19.983,19.983
2018-12-24,19.984,19.983
2018-12-25,19.985,19.984
2018-12-26,19.984,19.985
2018-12-27,19.985,19.984
2018-12-28,19.985,19.985
2018-12-31,19.975,19.985
2019-01-01,19.975,19.975
2019-01-02,19.975,19.975
2019-01-03,19.755,19.975
2019-01-04,19.754,19.755
2019-01-07,19.754,19.754
2019-01-08,19.755,19.754
2019-01-09,19.755,19.755
2019-01-10,19.754,19.755
2019-01-11,19.754,19.754
2019-01-14,19.359,19.754
2019-01-15,19.359,19.359
2019-01-16,19.359,19.359
2019-01-17,18.886,19.359
2019-01-18,18.887,18.886
2019-01-21,18.851,18.887
2019-01-22,18.851,18.851
2019-01-23,18.851,18.851
2019-01-24,18.925,18.851
2019-01-25,18.925,18.925
2019-01-28,18.925,18.925
2019-01-29,18.925,18.925
2019-01-30,18.925,18.925
2019-01-31,18.925,18.925
2019-02-01,18.925,18.925
2019-02-04,18.925,18.925
2019-02-05,18.925,18.925
2019-02-06,18.925,18.925
2019-02-07,18.225,18.925
2019-02-08,18.225,18.225
2019-02-11,18.226,18.225
2019-02-12,18.225,18.226
2019-02-13,18.225,18.225
2019-02-14,18.2,18.225
2019-02-15,18.2,18.2
2019-02-18,17.61,18.2
2019-02-19,17.613,17.61
2019-02-20,17.614,17.613
2019-02-21,18.192,17.614
2019-02-22,17.362,18.192
2019-02-25,17.223,17.362
2019-02-26,17.223,17.223
2019-02-27,17.222,17.223
2019-02-28,17.7,17.222
2019-03-01,17.7,17.7
2019-03-04,17.699,17.7
2019-03-05,17.7,17.699
2019-03-06,17.699,17.7
2019-03-07,17.6,17.699
2019-03-08,17.6,17.6
2019-03-11,17.599,17.6
2019-03-12,17.6,17.599
2019-03-13,17.599,17.6
2019-03-14,17.6,17.599
2019-03-15,17.6,17.6
2019-03-18,17.508,17.6
2019-03-19,17.508,17.508
2019-03-20,17.508,17.508
2019-03-21,17.508,17.508
2019-03-22,17.508,17.508
2019-03-25,17.304,17.508
2019-03-26,17.305,17.304
2019-03-27,17.305,17.305
2019-03-28,17.305,17.305
2019-03-29,17.031,17.305
2019-04-01,17.031,17.031
2019-04-02,17.031,17.031
2019-04-03,17.031,17.031
2019-04-04,17.031,17.031
2019-04-05,17.216,17.031
2019-04-08,17.215,17.216
2019-04-09,17.364,17.215
2019-04-10,17.363,17.364
2019-04-11,17.279,17.363
2019-04-12,17.28,17.279
2019-04-15,17.279,17.28
2019-04-16,17.35,17.279
2019-04-17,17.35,17.35
2019-04-18,17.376,17.35
2019-04-19,17.376,17.376
2019-04-22,17.376,17.376
2019-04-23,17.028,17.376
2019-04-24,17.027,17.028
2019-04-25,17.079,17.027
2019-04-26,17.079,17.079
2019-04-29,17.079,17.079
2019-04-30,17.079,17.079
2019-05-01,17.079,17.079
2019-05-02,17.079,17.079
2019-05-03,17.079,17.079
2019-05-06,17.236,17.079
2019-05-07,17.235,17.236
2019-05-08,17.235,17.235
2019-05-09,17.27,17.235
2019-05-10,17.27,17.27
2019-05-13,17.305,17.27
2019-05-14,17.305,17.305
2019-05-15,17.306,17.305
2019-05-16,17.393,17.306
2019-05-17,17.393,17.393
2019-05-20,17.371,17.393
2019-05-21,17.386,17.371
2019-05-22,17.387,17.386
2019-05-23,17.25,17.387
2019-05-24,17.25,17.25
2019-05-27,17.33,17.25
2019-05-28,17.33,17.33
2019-05-29,17.271,17.33
2019-05-30,17.212,17.271
2019-05-31,17.211,17.212
2019-06-03,17.388,17.211
2019-06-04,17.389,17.388
2019-06-05,17.389,17.389
2019-06-06,17.389,17.389
2019-06-07,17.389,17.389
2019-06-10,17.338,17.389
2019-06-11,17.338,17.338
2019-06-12,17.337,17.338
2019-06-13,17.23,17.337
2019-06-14,17.23,17.23
2019-06-17,17.23,17.23
2019-06-18,17.23,17.23
2019-06-19,17.23,17.23
2019-06-20,17.23,17.23
2019-06-21,17.23,17.23
2019-06-24,17.23,17.23
2019-06-25,17.263,17.23
2019-06-26,17.263,17.263
2019-06-27,17.32,17.263
2019-06-28,17.321,17.32
2019-07-01,17.321,17.321
2019-07-02,17.28,17.321
2019-07-03,17.281,17.28
2019-07-04,17.32,17.281
2019-07-05,17.319,17.32
2019-07-08,17.44,17.319
2019-07-09,17.44,17.44
2019-07-10,17.44,17.44
2019-07-11,17.38,17.44
2019-07-12,17.38,17.38
2019-07-15,17.0,17.38
2019-07-16,17.0,17.0
2019-07-17,17.001,17.0
2019-07-18,17.0,17.001
2019-07-19,17.0,17.0
2019-07-22,17.1,17.0
2019-07-23,17.1,17.1
2019-07-24,17.46,17.1
2019-07-25,17.64,17.46
2019-07-26,17.64,17.64
2019-07-29,17.8,17.64
2019-07-30,17.8,17.8
2019-07-31,17.8,17.8
2019-08-01,17.649,17.8
2019-08-02,17.65,17.649
2019-08-05,17.784,17.65
2019-08-06,17.784,17.784
2019-08-07,17.784,17.784
2019-08-08,17.8,17.784
2019-08-09,17.8,17.8
2019-08-12,17.846,17.8
2019-08-13,17.846,17.846
2019-08-14,17.847,17.846
2019-08-15,17.886,17.847
2019-08-16,17.887,17.886
2019-08-19,17.886,17.887
2019-08-20,17.913,17.886
2019-08-21,17.912,17.913
2019-08-22,17.2,17.912
2019-08-23,17.199,17.2
2019-08-26,16.5,17.199
2019-08-27,16.42,16.5
2019-08-28,16.42,16.42
2019-08-29,16.26,16.42
2019-08-30,16.26,16.26
2019-09-02,16.2,16.26
2019-09-03,16.201,16.2
2019-09-04,16.142,16.201
2019-09-05,16.323,16.142
2019-09-06,16.323,16.323
2019-09-09,16.173,16.323
2019-09-10,16.173,16.173
2019-09-11,16.077,16.173
2019-09-12,15.854,16.077
2019-09-13,15.854,15.854
2019-09-16,15.728,15.854
2019-09-17,15.847,15.728
2019-09-18,15.927,15.847
2019-09-19,15.927,15.927
2019-09-20,15.928,15.927
2019-09-23,15.181,15.928
2019-09-24,14.897,15.181
2019-09-25,14.898,14.897
2019-09-26,14.893,14.898
2019-09-27,14.893,14.893
2019-09-30,15.773,14.893
2019-10-01,15.385,15.773
2019-10-02,15.82,15.385
2019-10-03,15.617,15.82
2019-10-04,15.618,15.617
2019-10-07,15.549,15.618
2019-10-08,15.548,15.549
2019-10-09,15.512,15.548
2019-10-10,15.572,15.512
2019-10-11,15.571,15.572
2019-10-14,15.297,15.571
2019-10-15,15.297,15.297
2019-10-16,15.297,15.297
2019-10-17,15.265,15.297
2019-10-18,15.265,15.265
2019-10-21,15.335,15.265
2019-10-22,15.336,15.335
2019-10-23,15.334,15.336
2019-10-24,15.291,15.334
2019-10-25,15.292,15.291
2019-10-28,15.259,15.292
2019-10-29,15.26,15.259
2019-10-30,15.258,15.26
2019-10-31,15.198,15.258
2019-11-01,15.198,15.198
2019-11-04,15.198,15.198
2019-11-05,15.202,15.198
2019-11-06,15.1,15.202
2019-11-07,15.1,15.1
2019-11-08,15.101,15.1
2019-11-11,15.099,15.101
2019-11-12,15.107,15.099
2019-11-13,15.107,15.107
2019-11-14,14.874,15.107
2019-11-15,14.874,14.874
2019-11-18,14.778,14.874
2019-11-19,14.778,14.778
2019-11-20,14.778,14.778
2019-11-21,14.714,14.778
2019-11-22,14.715,14.714
2019-11-25,14.714,14.715
2019-11-26,14.714,14.714
2019-11-27,14.714,14.714
2019-11-28,14.714,14.714
2019-11-29,14.714,14.714
2019-12-02,14.714,14.714
2019-12-03,14.981,14.714
2019-12-04,14.982,14.981
2019-12-05,14.62,14.982
2019-12-06,14.62,14.62
2019-12-09,14.62,14.62
2019-12-10,14.619,14.62
2019-12-11,14.62,14.619
2019-12-12,14.62,14.62
2019-12-13,14.62,14.62
2019-12-16,14.62,14.62
2019-12-17,14.62,14.62
2019-12-18,14.62,14.62
2019-12-19,14.62,14.62
2019-12-20,14.62,14.62
2019-12-23,14.62,14.62
2019-12-24,14.62,14.62
2019-12-25,14.62,14.62
2019-12-26,14.62,14.62
2019-12-27,14.62,14.62
2019-12-30,14.62,14.62
2019-12-31,14.62,14.62
2020-01-01,14.677,14.62
2020-01-02,14.62,14.677
2020-01-03,14.701,14.62
2020-01-06,14.7,14.701
2020-01-07,14.722,14.7
2020-01-08,14.7,14.722
2020-01-09,14.55,14.7
2020-01-10,14.55,14.55
2020-01-13,14.55,14.55
2020-01-14,14.55,14.55
2020-01-15,14.55,14.55
2020-01-16,13.738,14.55
2020-01-17,13.74,13.738
2020-01-20,13.864,13.74
2020-01-21,13.864,13.864
2020-01-22,13.738,13.864
2020-01-23,14.155,13.738
2020-01-24,14.156,14.155
2020-01-27,14.155,14.156
2020-01-28,14.155,14.155
2020-01-29,14.155,14.155
2020-01-30,14.28,14.155
2020-01-31,14.279,14.28
2020-02-03,14.257,14.279
2020-02-04,14.302,14.257
2020-02-05,14.317,14.302
2020-02-06,14.275,14.317
2020-02-07,14.275,14.275
2020-02-10,14.234,14.275
2020-02-11,14.168,14.234
2020-02-12,14.169,14.168
2020-02-13,14.161,14.169
2020-02-14,14.161,14.161
2020-02-17,13.97,14.161
2020-02-18,13.97,13.97
2020-02-19,13.97,13.97
2020-02-20,13.829,13.97
2020-02-21,13.828,13.829
2020-02-24,13.948,13.828
2020-02-25,13.946,13.948
2020-02-26,13.946,13.946
2020-02-27,14.066,13.946
2020-02-28,14.066,14.066
2020-03-02,14.067,14.066
2020-03-03,14.416,14.067
2020-03-04,14.406,14.416
2020-03-05,14.406,14.406
2020-03-06,14.406,14.406
2020-03-09,14.554,14.406
2020-03-10,14.554,14.554
2020-03-11,14.802,14.554
2020-03-12,14.781,14.802
2020-03-13,14.802,14.781
2020-03-16,14.803,14.802
2020-03-17,14.858,14.803
2020-03-18,14.859,14.858
2020-03-19,14.859,14.859
2020-03-20,14.859,14.859
2020-03-23,15.659,14.859
2020-03-24,15.66,15.659
2020-03-25,15.02,15.66
2020-03-26,15.021,15.02
2020-03-27,15.021,15.021
2020-03-30,15.02,15.021
2020-03-31,13.747,15.02
2020-04-01,13.748,13.747
2020-04-02,13.722,13.748
2020-04-03,13.721,13.722
2020-04-06,13.721,13.721
2020-04-07,12.981,13.721
2020-04-08,12.981,12.981
2020-04-09,12.979,12.981
2020-04-10,12.979,12.979
2020-04-13,12.979,12.979
2020-04-14,12.979,12.979
2020-04-15,12.644,12.979
2020-04-16,12.644,12.644
2020-04-17,12.644,12.644
2020-04-20,12.279,12.644
2020-04-21,12.283,12.279
2020-04-22,12.283,12.283
2020-04-23,12.283,12.283
2020-04-24,12.283,12.283
2020-04-27,12.283,12.283
2020-04-28,12.612,12.283
2020-04-29,12.612,12.612
2020-04-30,12.396,12.612
2020-05-01,12.396,12.396
2020-05-04,12.396,12.396
2020-05-05,12.7,12.396
2020-05-06,12.7,12.7
2020-05-07,12.699,12.7
2020-05-08,12.701,12.699
2020-05-11,12.701,12.701
2020-05-12,12.701,12.701
2020-05-13,12.701,12.701
2020-05-14,12.619,12.701
2020-05-15,12.619,12.619
2020-05-18,12.619,12.619
2020-05-19,12.487,12.619
2020-05-20,12.487,12.487
2020-05-21,12.487,12.487
2020-05-22,12.487,12.487
2020-05-25,12.517,12.487
2020-05-26,12.55,12.517
2020-05-27,12.55,12.55
2020-05-28,12.552,12.55
2020-05-29,12.519,12.552
2020-06-01,12.519,12.519
2020-06-02,12.543,12.519
2020-06-03,12.541,12.543
2020-06-04,12.542,12.541
2020-06-05,12.599,12.542
2020-06-08,12.6,12.599
2020-06-09,12.6,12.6
2020-06-10,12.527,12.6
2020-06-11,12.528,12.527
2020-06-12,12.527,12.528
2020-06-15,12.526,12.527
2020-06-16,12.527,12.526
2020-06-17,12.461,12.527
2020-06-18,12.461,12.461
2020-06-19,12.461,12.461
2020-06-22,12.461,12.461
2020-06-23,12.94,12.461
2020-06-24,12.941,12.94
2020-06-25,12.941,12.941
2020-06-26,12.941,12.941
2020-06-29,12.941,12.941
2020-06-30,13.121,12.941
2020-07-01,13.113,13.121
2020-07-02,13.116,13.113
2020-07-03,13.122,13.116
2020-07-06,13.121,13.122
2020-07-07,13.121,13.121
2020-07-08,13.121,13.121
2020-07-09,13.122,13.121
2020-07-10,13.121,13.122
2020-07-13,13.121,13.121
2020-07-14,13.585,13.121
2020-07-15,13.585,13.585
2020-07-16,13.586,13.585
2020-07-17,13.585,13.586
2020-07-20,13.586,13.585
2020-07-21,13.585,13.586
2020-07-22,13.432,13.585
2020-07-23,13.486,13.432
2020-07-24,13.429,13.486
2020-07-27,13.426,13.429
2020-07-28,13.508,13.426
2020-07-29,13.53,13.508
2020-07-30,13.856,13.53
2020-07-31,13.551,13.856
2020-08-03,13.672,13.551
2020-08-04,13.639,13.672
2020-08-05,13.687,13.639
2020-08-06,13.727,13.687
2020-08-07,13.726,13.727
2020-08-10,13.699,13.726
2020-08-11,13.696,13.699
2020-08-12,13.696,13.696
2020-08-13,13.804,13.696
2020-08-14,13.804,13.804
2020-08-17,13.826,13.804
2020-08-18,13.85,13.826
2020-08-19,13.849,13.85
2020-08-20,14.194,13.849
2020-08-21,13.849,14.194
2020-08-24,13.848,13.849
2020-08-25,13.848,13.848
2020-08-26,13.873,13.848
2020-08-27,13.847,13.873
2020-08-28,13.847,13.847
2020-08-31,13.817,13.847
2020-09-01,13.816,13.817
2020-09-02,13.816,13.816
2020-09-03,13.815,13.816
2020-09-04,13.815,13.815
2020-09-07,13.816,13.815
2020-09-08,13.814,13.816
2020-09-09,13.517,13.814
2020-09-10,13.642,13.517
2020-09-11,13.642,13.642
2020-09-14,13.627,13.642
2020-09-15,13.643,13.627
2020-09-16,13.65,13.643
2020-09-17,13.655,13.65
2020-09-18,13.655,13.655
2020-09-21,13.656,13.655
2020-09-22,13.657,13.656
2020-09-23,13.657,13.657
2020-09-24,13.665,13.657
2020-09-25,13.665,13.665
2020-09-28,13.608,13.665
2020-09-29,13.609,13.608
2020-09-30,13.634,13.609
2020-10-01,13.454,13.634
2020-10-02,13.454,13.454
2020-10-05,13.523,13.454
2020-10-06,13.522,13.523
2020-10-07,13.566,13.522
2020-10-08,13.568,13.566
2020-10-09,13.522,13.568
2020-10-12,13.444,13.522
2020-10-13,13.459,13.444
2020-10-14,13.458,13.459
2020-10-15,13.535,13.458
2020-10-16,13.535,13.535
2020-10-19,13.551,13.535
2020-10-20,13.549,13.551
2020-10-21,13.56,13.549
2020-10-22,13.549,13.56
2020-10-23,13.549,13.549
2020-10-26,13.641,13.549
2020-10-27,13.663,13.641
2020-10-28,13.661,13.663
2020-10-29,13.608,13.661
2020-10-30,13.626,13.608
2020-11-02,13.627,13.626
2020-11-03,13.72,13.627
2020-11-04,13.719,13.72
2020-11-05,13.666,13.719
2020-11-06,13.597,13.666
2020-11-09,13.634,13.597
2020-11-10,13.611,13.634
2020-11-11,13.633,13.611
2020-11-12,13.437,13.633
2020-11-13,13.436,13.437
2020-11-16,13.381,13.436
2020-11-17,13.342,13.381
2020-11-18,13.34,13.342
2020-11-19,13.34,13.34
2020-11-20,13.34,13.34
2020-11-23,13.356,13.34
2020-11-24,13.355,13.356
2020-11-25,13.379,13.355
2020-11-26,13.349,13.379
2020-11-27,13.349,13.349
2020-11-30,13.308,13.349
2020-12-01,13.299,13.308
2020-12-02,13.297,13.299
2020-12-03,13.297,13.297
2020-12-04,13.298,13.297
2020-12-07,13.29,13.298
2020-12-08,13.29,13.29
2020-12-09,13.277,13.29
2020-12-10,13.016,13.277
2020-12-11,13.016,13.016
2020-12-14,13.002,13.016
2020-12-15,13.002,13.002
2020-12-16,13.001,13.002
2020-12-17,12.685,13.001
2020-12-18,12.685,12.685
2020-12-21,12.644,12.685
2020-12-22,12.618,12.644
2020-12-23,12.617,12.618
2020-12-24,12.764,12.617
2020-12-25,12.762,12.764
2020-12-28,12.831,12.762
2020-12-29,12.832,12.831
2020-12-30,12.831,12.832
2020-12-31,12.939,12.831
2021-01-04,12.951,12.939
2021-01-05,12.951,12.951
2021-01-06,12.951,12.951
2021-01-07,13.08,12.951
2021-01-08,12.951,13.08
2021-01-11,12.874,12.951
2021-01-12,12.873,12.874
2021-01-13,12.889,12.873
2021-01-14,12.888,12.889
2021-01-15,12.888,12.888
2021-01-18,12.909,12.888
2021-01-19,12.909,12.909
2021-01-20,12.909,12.909
2021-01-21,12.981,12.909
2021-01-22,12.981,12.981
2021-01-25,12.979,12.981
2021-01-26,13.172,12.979
2021-01-27,12.89,13.172
2021-01-28,12.927,12.89
2021-01-29,12.889,12.927
2021-02-01,12.891,12.889
2021-02-02,12.891,12.891
2021-02-03,12.891,12.891
2021-02-04,12.891,12.891
2021-02-05,12.889,12.891
2021-02-08,12.889,12.889
2021-02-09,12.89,12.889
2021-02-10,13.27,12.89
2021-02-11,13.27,13.27
2021-02-12,13.271,13.27
2021-02-15,13.27,13.271
2021-02-16,13.27,13.27
2021-02-17,13.25,13.27
2021-02-18,13.25,13.25
2021-02-19,13.25,13.25
2021-02-22,13.25,13.25
2021-02-23,13.25,13.25
2021-02-24,13.25,13.25
2021-02-25,13.25,13.25
2021-02-26,13.25,13.25
2021-03-01,13.25,13.25
2021-03-02,13.25,13.25
2021-03-03,13.251,13.25
2021-03-04,13.25,13.251
2021-03-05,13.25,13.25
2021-03-08,13.4,13.25
2021-03-09,13.4,13.4
2021-03-10,13.4,13.4
2021-03-11,13.4,13.4
2021-03-12,13.375,13.4
2021-03-15,13.414,13.375
2021-03-16,13.414,13.414
2021-03-17,13.384,13.414
2021-03-18,13.361,13.384
2021-03-19,13.361,13.361
2021-03-22,13.428,13.361
2021-03-23,13.428,13.428
2021-03-24,13.428,13.428
2021-03-25,13.4,13.428
2021-03-26,13.4,13.4
2021-03-29,13.4,13.4
2021-03-30,13.4,13.4
2021-03-31,13.429,13.4
2021-04-01,13.429,13.429
2021-04-02,13.428,13.429
2021-04-05,13.428,13.428
2021-04-06,13.428,13.428
2021-04-07,13.428,13.428
2021-04-08,13.42,13.428
2021-04-09,13.42,13.42
2021-04-12,13.421,13.42
2021-04-13,13.419,13.421
2021-04-14,13.419,13.419
2021-04-15,13.421,13.419
2021-04-16,13.42,13.421
2021-04-19,13.42,13.42
2021-04-20,13.42,13.42
2021-04-21,13.42,13.42
2021-04-22,13.42,13.42
2021-04-23,13.42,13.42
2021-04-26,13.42,13.42
2021-04-27,13.42,13.42
2021-04-28,13.419,13.42
2021-04-29,13.385,13.419
2021-04-30,13.462,13.385
2021-05-03,13.374,13.462
2021-05-04,13.385,13.374
2021-05-05,13.385,13.385
2021-05-06,13.373,13.385
2021-05-07,13.373,13.373
2021-05-10,13.354,13.373
2021-05-11,13.354,13.354
2021-05-12,13.493,13.354
2021-05-13,13.453,13.493
2021-05-14,13.332,13.453
2021-05-17,13.431,13.332
2021-05-18,13.432,13.431
2021-05-19,13.427,13.432
2021-05-20,13.35,13.427
2021-05-21,13.35,13.35
2021-05-24,13.391,13.35
2021-05-25,13.391,13.391
2021-05-26,13.389,13.391
2021-05-27,13.337,13.389
2021-05-28,13.337,13.337
2021-05-31,13.383,13.337
2021-06-01,13.384,13.383
2021-06-02,13.384,13.384
2021-06-03,13.366,13.384
2021-06-04,13.366,13.366
2021-06-07,13.359,13.366
2021-06-08,13.359,13.359
2021-06-09,13.352,13.359
2021-06-10,13.352,13.352
2021-06-11,13.352,13.352
2021-06-14,13.32,13.352
2021-06-15,13.32,13.32
2021-06-16,13.32,13.32
2021-06-17,13.3,13.32
2021-06-18,13.3,13.3
2021-06-21,13.21,13.3
2021-06-22,13.211,13.21
2021-06-23,13.212,13.211
2021-06-24,13.232,13.212
2021-06-25,13.232,13.232
2021-06-28,13.267,13.232
2021-06-29,13.266,13.267
2021-06-30,13.266,13.266
2021-07-01,13.14,13.266
2021-07-02,13.265,13.14
2021-07-05,13.376,13.265
2021-07-06,13.475,13.376
2021-07-07,13.474,13.475
2021-07-08,13.49,13.474
2021-07-09,13.49,13.49
2021-07-12,13.488,13.49
2021-07-13,13.488,13.488
2021-07-14,13.587,13.488
2021-07-15,13.587,13.587
2021-07-16,13.587,13.587
2021-07-19,13.437,13.587
2021-07-20,13.436,13.437
2021-07-21,13.42,13.436
2021-07-22,13.446,13.42
2021-07-23,13.584,13.446
2021-07-26,13.604,13.584
2021-07-27,13.604,13.604
2021-07-28,13.806,13.604
2021-07-29,13.749,13.806
2021-07-30,13.75,13.749
2021-08-02,13.771,13.75
2021-08-03,13.771,13.771
2021-08-04,13.768,13.771
2021-08-05,13.766,13.768
2021-08-06,13.738,13.766
2021-08-09,13.729,13.738
2021-08-10,13.728,13.729
2021-08-11,13.726,13.728
2021-08-12,13.655,13.726
2021-08-13,13.74,13.655
2021-08-16,13.482,13.74
2021-08-17,13.48,13.482
2021-08-18,13.522,13.48
2021-08-19,13.43,13.522
2021-08-20,13.43,13.43
2021-08-23,13.424,13.43
2021-08-24,13.422,13.424
2021-08-25,13.422,13.422
2021-08-26,13.413,13.422
2021-08-27,13.413,13.413
2021-08-30,13.391,13.413
2021-08-31,13.388,13.391
2021-09-01,13.425,13.388
2021-09-02,12.979,13.425
2021-09-03,12.98,12.979
2021-09-06,12.962,12.98
2021-09-07,12.959,12.962
2021-09-08,13.396,12.959
2021-09-09,13.48,13.396
2021-09-10,13.48,13.48
2021-09-13,13.493,13.48
2021-09-14,13.481,13.493
2021-09-15,13.445,13.481
2021-09-16,13.446,13.445
2021-09-17,13.446,13.446
2021-09-20,13.52,13.446
2021-09-21,13.521,13.52
2021-09-22,13.447,13.521
2021-09-23,13.436,13.447
2021-09-24,13.436,13.436
2021-09-27,13.462,13.436
2021-09-28,13.45,13.462
2021-09-29,11.425,13.45
2021-09-30,11.274,11.425
2021-10-01,11.273,11.274
2021-10-04,13.28,11.273
2021-10-05,13.187,13.28
2021-10-06,13.248,13.187
2021-10-07,13.078,13.248
2021-10-08,13.248,13.078
2021-10-11,13.353,13.248
2021-10-12,13.308,13.353
2021-10-13,13.366,13.308
2021-10-14,13.404,13.366
2021-10-15,13.404,13.404
2021-10-18,13.403,13.404
2021-10-19,13.429,13.403
2021-10-20,13.377,13.429
2021-10-21,13.647,13.377
2021-10-22,13.376,13.647
2021-10-25,13.45,13.376
2021-10-26,13.38,13.45
2021-10-27,13.411,13.38
2021-10-28,13.429,13.411
2021-10-29,13.429,13.429
2021-11-01,13.418,13.429
2021-11-02,13.395,13.418
2021-11-03,13.412,13.395
2021-11-04,13.472,13.412
2021-11-05,13.472,13.472
2021-11-08,13.462,13.472
2021-11-09,13.46,13.462
2021-11-10,13.449,13.46
2021-11-11,13.478,13.449
2021-11-12,13.478,13.478
2021-11-15,13.547,13.478
2021-11-16,13.502,13.547
2021-11-17,13.498,13.502
2021-11-18,13.558,13.498
2021-11-19,13.558,13.558
2021-11-22,13.553,13.558
2021-11-23,13.541,13.553
2021-11-24,13.55,13.541
2021-11-25,13.574,13.55
2021-11-26,13.574,13.574
2021-11-29,13.519,13.574
2021-11-30,13.505,13.519
2021-12-01,13.572,13.505
2021-12-02,13.556,13.572
2021-12-03,13.556,13.556
2021-12-06,13.551,13.556
2021-12-07,13.549,13.551
2021-12-08,13.538,13.549
2021-12-09,13.501,13.538
2021-12-10,13.501,13.501
2021-12-13,13.514,13.501
2021-12-14,13.503,13.514
2021-12-15,13.507,13.503
2021-12-16,13.51,13.507
2021-12-17,13.51,13.51
2021-12-20,13.524,13.51
2021-12-21,13.46,13.524
2021-12-22,13.55,13.46
2021-12-23,13.467,13.55
2021-12-24,13.467,13.467
2021-12-27,13.461,13.467
2021-12-28,13.38,13.461
2021-12-29,13.456,13.38
2021-12-30,13.431,13.456
2021-12-31,13.431,13.431
2022-01-03,13.425,13.431
2022-01-04,13.458,13.425
2022-01-05,13.456,13.458
2022-01-06,13.692,13.456
2022-01-07,13.455,13.692
2022-01-10,13.45,13.455
2022-01-11,13.449,13.45
2022-01-12,13.447,13.449
2022-01-13,13.446,13.447
2022-01-14,13.446,13.446
2022-01-17,13.423,13.446
2022-01-18,13.421,13.423
2022-01-19,13.42,13.421
2022-01-20,13.417,13.42
2022-01-21,13.417,13.417
2022-01-24,13.456,13.417
2022-01-25,13.456,13.456
2022-01-26,13.453,13.456
2022-01-27,13.686,13.453
2022-01-28,13.451,13.686
2022-01-31,13.448,13.451
2022-02-01,13.447,13.448
2022-02-02,13.445,13.447
2022-02-03,13.44,13.445
2022-02-04,13.44,13.44
2022-02-07,13.433,13.44
2022-02-08,13.431,13.433
2022-02-09,13.43,13.431
2022-02-10,13.428,13.43
2022-02-11,13.428,13.428
2022-02-14,13.432,13.428
2022-02-15,13.43,13.432
2022-02-16,13.428,13.43
2022-02-17,13.432,13.428
2022-02-18,13.432,13.432
2022-02-21,13.426,13.432
2022-02-22,13.424,13.426
2022-02-23,13.423,13.424
2022-02-24,13.404,13.423
2022-02-25,13.404,13.404
2022-02-28,13.395,13.404
2022-03-01,13.393,13.395
2022-03-02,13.39,13.393
2022-03-03,13.388,13.39
2022-03-04,13.396,13.388
2022-03-07,13.386,13.396
2022-03-08,13.99,13.386
2022-03-09,14.74,13.99
2022-03-10,14.48,14.74
2022-03-11,14.48,14.48
2022-03-14,14.8,14.48
2022-03-15,14.35,14.8
2022-03-16,14.36,14.35
2022-03-17,14.36,14.36
2022-03-18,14.36,14.36
2022-03-21,14.31,14.36
2022-03-22,14.42,14.31
2022-03-23,14.41,14.42
2022-03-24,14.14,14.41
2022-03-25,14.14,14.14
2022-03-28,14.1,14.14
2022-03-29,14.11,14.1
2022-03-30,13.7,14.11
2022-03-31,13.79,13.7
2022-04-01,13.79,13.79
2022-04-04,14.04,13.79
2022-04-05,14.15,14.04
2022-04-06,14.17,14.15
2022-04-07,14.18,14.17
2022-04-08,14.18,14.18
2022-04-11,14.15,14.18
2022-04-12,14.11,14.15
2022-04-13,14.19,14.11
2022-04-14,14.16,14.19
2022-04-15,14.16,14.16
2022-04-18,13.8,14.16
2022-04-19,13.98,13.8
2022-04-20,13.98,13.98
2022-04-21,13.8,13.98
2022-04-22,13.8,13.8
2022-04-25,13.512,13.8
2022-04-26,13.8,13.512
2022-04-27,14.03,13.8
2022-04-28,14.24,14.03
2022-04-29,14.24,14.24
2022-05-02,14.428,14.24
2022-05-03,14.43,14.428
2022-05-04,14.434,14.43
2022-05-05,14.426,14.434
2022-05-06,14.24,14.426
2022-05-09,14.29,14.24
2022-05-10,14.22,14.29
2022-05-11,14.6,14.22
2022-05-12,14.69,14.6
2022-05-13,14.69,14.69
2022-05-16,14.88,14.69
2022-05-17,15.17,14.88
2022-05-18,15.29,15.17
2022-05-19,15.34,15.29
2022-05-20,15.34,15.34
2022-05-23,15.41,15.34
2022-05-24,14.038,15.41
2022-05-25,13.991,14.038
2022-05-26,14.218,13.991
2022-05-27,14.218,14.218
2022-05-30,14.119,14.218
2022-05-31,13.97,14.119
2022-06-01,13.966,13.97
2022-06-02,13.966,13.966
2022-06-03,13.966,13.966
2022-06-06,13.959,13.966
2022-06-07,13.961,13.959
2022-06-08,13.962,13.961
2022-06-09,13.963,13.962
2022-06-10,13.963,13.963
2022-06-13,13.968,13.963
2022-06-14,14.013,13.968
2022-06-15,14.009,14.013
2022-06-16,14.97,14.009
2022-06-17,14.97,14.97
2022-06-20,15.26,14.97
2022-06-21,15.21,15.26
2022-06-22,15.21,15.21
2022-06-23,15.11,15.21
2022-06-24,15.11,15.11
2022-06-27,15.1,15.11
2022-06-28,15.29,15.1
2022-06-29,15.29,15.29
2022-06-30,15.547,15.29
2022-07-01,15.547,15.547
2022-07-04,15.18,15.547
2022-07-05,15.18,15.18
2022-07-06,15.28,15.18
2022-07-07,15.9,15.28
2022-07-08,15.9,15.9
2022-07-11,16.199,15.9
2022-07-12,16.199,16.199
2022-07-13,15.252,16.199
2022-07-14,15.128,15.252
2022-07-15,15.431,15.128
2022-07-18,15.97,15.431
2022-07-19,15.809,15.97
2022-07-20,15.752,15.809
2022-07-21,15.765,15.752
2022-07-22,15.765,15.765
2022-07-25,15.698,15.765
2022-07-26,16.036,15.698
2022-07-27,16.063,16.036
2022-07-28,16.228,16.063
2022-07-29,16.228,16.228
2022-08-01,16.164,16.228
2022-08-02,16.343,16.164
2022-08-03,16.346,16.343
2022-08-04,16.503,16.346
2022-08-05,16.503,16.503
2022-08-08,16.699,16.503
2022-08-09,16.679,16.699
2022-08-10,16.42,16.679
2022-08-11,16.617,16.42
2022-08-12,16.617,16.617
2022-08-15,16.179,16.617
2022-08-16,16.755,16.179
2022-08-17,17.1,16.755
2022-08-18,17.18,17.1
2022-08-19,17.18,17.18
2022-08-22,17.35,17.18
2022-08-23,17.32,17.35
2022-08-24,17.29,17.32
2022-08-25,17.25,17.29
2022-08-26,17.25,17.25
2022-08-29,17.4,17.25
2022-08-30,17.35,17.4
2022-08-31,17.49,17.35
2022-09-01,17.5,17.49
2022-09-02,17.5,17.5
2022-09-05,17.6,17.5
2022-09-06,17.35,17.6
2022-09-07,17.35,17.35
2022-09-08,17.35,17.35
2022-09-09,17.35,17.35
2022-09-12,17.23,17.35
2022-09-13,17.24,17.23
2022-09-14,17.25,17.24
2022-09-15,17.24,17.25
2022-09-16,17.24,17.24
2022-09-19,17.15,17.24
2022-09-20,17.15,17.15
2022-09-21,17.48,17.15
2022-09-22,17.4,17.48
2022-09-23,17.4,17.4
2022-09-26,17.62,17.4
2022-09-27,17.49,17.62
2022-09-28,17.58,17.49
2022-09-29,17.72,17.58
2022-09-30,17.72,17.72
2022-10-03,17.69,17.72
2022-10-04,17.66,17.69
2022-10-05,17.68,17.66
2022-10-06,18.017,17.68
2022-10-07,17.67,18.017
2022-10-10,17.74,17.67
2022-10-11,17.75,17.74
2022-10-12,17.74,17.75
2022-10-13,17.68,17.74
2022-10-14,17.68,17.68
2022-10-17,17.8,17.68
2022-10-18,17.75,17.8
2022-10-19,17.82,17.75
2022-10-20,17.78,17.82
2022-10-21,17.78,17.78
2022-10-24,18.16,17.78
2022-10-25,18.04,18.16
2022-10-26,18.16,18.04
2022-10-27,18.23,18.16
2022-10-28,18.23,18.23
2022-10-31,18.33,18.23
2022-11-01,18.33,18.33
2022-11-02,18.33,18.33
2022-11-03,18.24,18.33
2022-11-04,18.36,18.24
2022-11-07,18.45,18.36
2022-11-08,18.43,18.45
2022-11-09,18.42,18.43
2022-11-10,18.36,18.42
2022-11-11,18.36,18.36
2022-11-14,18.63,18.36
2022-11-15,18.53,18.63
2022-11-16,18.52,18.53
2022-11-17,18.47,18.52
2022-11-18,18.47,18.47
2022-11-21,18.72,18.47
2022-11-22,18.72,18.72
2022-11-23,18.7,18.72
2022-11-24,18.68,18.7
2022-11-25,18.68,18.68
2022-11-28,19.22,18.68
2022-11-29,19.23,19.22
2022-11-30,18.81,19.23
2022-12-01,18.81,18.81
2022-12-02,18.31,18.81
2022-12-05,18.25,18.31
2022-12-06,18.24,18.25
2022-12-07,18.65,18.24
2022-12-08,18.58,18.65
2022-12-09,18.58,18.58
2022-12-12,18.59,18.58
2022-12-13,18.68,18.59
2022-12-14,18.6,18.68
2022-12-15,18.44,18.6
2022-12-16,18.44,18.44
2022-12-19,18.58,18.44
2022-12-20,18.52,18.58
2022-12-21,18.52,18.52
2022-12-22,18.54,18.52
2022-12-23,18.54,18.54
2022-12-26,18.58,18.54
2022-12-27,18.69,18.58
2022-12-28,18.7,18.69
2022-12-29,18.72,18.7
2022-12-30,18.72,18.72
2023-01-02,18.92,18.72
2023-01-03,18.84,18.92
2023-01-04,18.56,18.84
2023-01-05,18.46,18.56
2023-01-06,18.46,18.46
2023-01-09,19.97,18.46
2023-01-10,19.9,19.97
2023-01-11,19.97,19.9
2023-01-12,19.99,19.97
2023-01-13,19.99,19.99
2023-01-16,20.49,19.99
2023-01-17,20.49,20.49
2023-01-18,20.55,20.49
2023-01-19,21.87,20.55
2023-01-20,21.87,21.87
2023-01-23,22.14,21.87
2023-01-24,22.11,22.14
2023-01-25,22.06,22.11
2023-01-26,21.769,22.06
2023-01-27,22.06,21.769
2023-01-30,22.16,22.06
2023-01-31,22.39,22.16
2023-02-01,22.12,22.39
2023-02-02,22.19,22.12
2023-02-03,22.19,22.19
2023-02-06,22.34,22.19
2023-02-07,22.29,22.34
2023-02-08,22.32,22.29
2023-02-09,22.28,22.32
2023-02-10,22.28,22.28
2023-02-13,22.3,22.28
2023-02-14,22.39,22.3
2023-02-15,22.43,22.39
2023-02-16,22.45,22.43
2023-02-17,22.45,22.45
2023-02-20,22.61,22.45
2023-02-21,22.47,22.61
2023-02-22,22.59,22.47
2023-02-23,22.6,22.59
2023-02-24,22.6,22.6
2023-02-27,22.73,22.6
2023-02-28,22.72,22.73
2023-03-01,22.63,22.72
2023-03-02,22.9,22.63
2023-03-03,22.9,22.9
2023-03-06,22.89,22.9
2023-03-07,22.9,22.89
2023-03-08,22.82,22.9
2023-03-09,22.83,22.82
2023-03-10,22.83,22.83
2023-03-13,22.95,22.83
2023-03-14,22.96,22.95
2023-03-15,22.86,22.96
2023-03-16,22.99,22.86
2023-03-17,22.99,22.99
2023-03-20,23.17,22.99
2023-03-21,23.14,23.17
2023-03-22,23.26,23.14
2023-03-23,23.26,23.26
2023-03-24,23.26,23.26
2023-03-27,23.11,23.26
2023-03-28,23.09,23.11
2023-03-29,22.99,23.09
2023-03-30,23.26,22.99
2023-03-31,23.26,23.26
2023-04-03,23.16,23.26
2023-04-04,23.19,23.16
2023-04-05,23.22,23.19
2023-04-06,23.24,23.22
2023-04-07,23.24,23.24
2023-04-10,23.75,23.24
2023-04-11,23.85,23.75
2023-04-12,23.88,23.85
2023-04-13,23.89,23.88
2023-04-14,23.89,23.89
2023-04-17,24.902,23.89
2023-04-18,24.0,24.902
2023-04-19,24.02,24.0
2023-04-20,24.02,24.02
2023-04-21,24.02,24.02
2023-04-24,25.028,24.02
2023-04-25,25.044,25.028
2023-04-26,24.64,25.044
2023-04-27,24.49,24.64
2023-04-28,24.49,24.49
2023-05-01,24.49,24.49
2023-05-02,24.54,24.49
2023-05-03,24.55,24.54
2023-05-04,25.615,24.55
2023-05-05,24.55,25.615
2023-05-08,24.9,24.55
2023-05-09,24.85,24.9
2023-05-10,24.57,24.85
2023-05-11,24.57,24.57
2023-05-12,24.57,24.57
2023-05-15,24.41,24.57
2023-05-16,24.43,24.41
2023-05-17,24.41,24.43
2023-05-18,24.41,24.41
2023-05-19,24.41,24.41
2023-05-22,24.47,24.41
2023-05-23,24.46,24.47
2023-05-24,24.47,24.46
2023-05-25,24.46,24.47
2023-05-26,24.46,24.46
2023-05-29,24.55,24.46
2023-05-30,24.74,24.55
2023-05-31,24.74,24.74
2023-06-01,24.76,24.74
2023-06-02,24.76,24.76
2023-06-05,24.48,24.76
2023-06-06,24.64,24.48
2023-06-07,24.64,24.64
2023-06-08,24.72,24.64
2023-06-09,24.72,24.72
2023-06-12,24.52,24.72
2023-06-13,24.42,24.52
2023-06-14,24.39,24.42
2023-06-15,24.47,24.39
2023-06-16,24.47,24.47
2023-06-19,24.8,24.47
2023-06-20,23.811,24.8
2023-06-21,23.683,23.811
2023-06-22,23.942,23.683
2023-06-23,23.943,23.942
2023-06-26,24.104,23.943
2023-06-27,24.167,24.104
2023-06-28,24.161,24.167
2023-06-29,24.154,24.161
2023-06-30,24.351,24.154
2023-07-03,24.204,24.351
2023-07-04,24.318,24.204
2023-07-05,23.644,24.318
2023-07-06,24.111,23.644
2023-07-07,24.109,24.111
2023-07-10,23.205,24.109
2023-07-11,24.099,23.205
2023-07-12,23.846,24.099
2023-07-13,23.99,23.846
2023-07-14,23.99,23.99
2023-07-17,24.066,23.99
2023-07-18,24.066,24.066
2023-07-19,24.067,24.066
2023-07-20,24.315,24.067
2023-07-21,24.064,24.315
2023-07-24,24.067,24.064
2023-07-25,24.067,24.067
2023-07-26,24.066,24.067
2023-07-27,24.073,24.066
2023-07-28,24.074,24.073
2023-07-31,24.072,24.074
2023-08-01,24.07,24.072
2023-08-02,24.07,24.07
2023-08-03,24.663,24.07
2023-08-04,24.663,24.663
2023-08-07,24.545,24.663
2023-08-08,24.518,24.545
2023-08-09,24.739,24.518
2023-08-10,24.82,24.739
2023-08-11,24.822,24.82
2023-08-14,24.885,24.822
2023-08-15,24.889,24.885
2023-08-16,24.668,24.889
2023-08-17,24.71,24.668
2023-08-18,24.711,24.71
2023-08-21,24.728,24.711
2023-08-22,24.775,24.728
2023-08-23,24.881,24.775
2023-08-24,25.713,24.881
2023-08-25,25.714,25.713
2023-08-28,26.524,25.714
2023-08-29,26.558,26.524
2023-08-30,25.001,26.558
2023-08-31,24.947,25.001
2023-09-01,24.946,24.947
2023-09-04,25.802,24.946
2023-09-05,25.282,25.802
2023-09-06,25.428,25.282
2023-09-07,25.805,25.428
2023-09-08,25.805,25.805
2023-09-11,25.912,25.805
2023-09-12,25.369,25.912
2023-09-13,25.389,25.369
2023-09-14,25.372,25.389
2023-09-15,25.374,25.372
2023-09-18,25.398,25.374
2023-09-19,26.104,25.398
2023-09-20,25.431,26.104
2023-09-21,25.008,25.431
2023-09-22,25.007,25.008
2023-09-25,25.043,25.007
2023-09-26,25.051,25.043
2023-09-27,25.148,25.051
2023-09-28,25.904,25.148
2023-09-29,25.156,25.904
2023-10-02,25.44,25.156
2023-10-03,25.46,25.44
2023-10-04,25.46,25.46
2023-10-05,25.46,25.46
2023-10-06,25.46,25.46
2023-10-09,25.48,25.46
2023-10-10,25.49,25.48
2023-10-11,25.48,25.49
2023-10-12,25.49,25.48
2023-10-13,25.49,25.49
2023-10-16,25.51,25.49
2023-10-17,25.44,25.51
2023-10-18,25.45,25.44
2023-10-19,25.58,25.45
2023-10-20,25.58,25.58
2023-10-23,25.67,25.58
2023-10-24,25.64,25.67
2023-10-25,25.66,25.64
2023-10-26,25.49,25.66
2023-10-27,25.49,25.49
2023-10-30,25.32,25.49
2023-10-31,25.31,25.32
2023-11-01,25.28,25.31
2023-11-02,25.29,25.28
2023-11-03,25.29,25.29
2023-11-06,25.31,25.29
2023-11-07,25.21,25.31
2023-11-08,25.27,25.21
2023-11-09,25.4,25.27
2023-11-10,25.4,25.4
2023-11-13,25.56,25.4
2023-11-14,25.58,25.56
2023-11-15,25.61,25.58
2023-11-16,25.75,25.61
2023-11-17,25.75,25.75
2023-11-20,25.85,25.75
2023-11-21,25.86,25.85
2023-11-22,25.88,25.86
2023-11-23,25.9,25.88
2023-11-24,25.9,25.9
2023-11-27,25.96,25.9
2023-11-28,25.88,25.96
2023-11-29,25.9,25.88
2023-11-30,25.92,25.9
2023-12-01,25.92,25.92
2023-12-04,26.13,25.92
2023-12-05,26.07,26.13
2023-12-06,26.09,26.07
2023-12-07,26.11,26.09
2023-12-08,26.11,26.11
2023-12-11,26.35,26.11
2023-12-12,26.36,26.35
2023-12-13,26.39,26.36
2023-12-14,26.39,26.39
2023-12-15,26.41,26.39
2023-12-18,26.64,26.41
2023-12-19,26.76,26.64
2023-12-20,26.78,26.76
2023-12-21,26.81,26.78
2023-12-22,26.81,26.81
2023-12-25,26.83,26.81
2023-12-26,26.42,26.83
2023-12-27,26.06,26.42
2023-12-28,26.45,26.06
2023-12-29,26.45,26.45
2024-01-01,27.578,26.45
2024-01-02,27.14,27.578
2024-01-03,27.14,27.14
2024-01-04,27.21,27.14
2024-01-05,27.21,27.21
2024-01-08,27.3,27.21
2024-01-09,26.98,27.3
2024-01-10,27.03,26.98
2024-01-11,27.05,27.03
2024-01-12,27.05,27.05
2024-01-15,27.19,27.05
2024-01-16,27.21,27.19
2024-01-17,27.16,27.21
2024-01-18,27.09,27.16
2024-01-19,27.09,27.09
2024-01-22,27.672,27.09
2024-01-23,27.667,27.672
2024-01-24,27.664,27.667
2024-01-25,27.32,27.664
2024-01-26,27.663,27.32
2024-01-29,27.652,27.663
2024-01-30,27.648,27.652
2024-01-31,27.645,27.648
2024-02-01,27.618,27.645
2024-02-02,27.617,27.618
2024-02-05,27.632,27.617
2024-02-06,27.631,27.632
2024-02-07,27.629,27.631
2024-02-08,27.628,27.629
2024-02-09,27.627,27.628
2024-02-12,28.074,27.627
2024-02-13,28.074,28.074
2024-02-14,28.075,28.074
2024-02-15,28.51,28.075
2024-02-16,28.509,28.51
2024-02-19,28.647,28.509
2024-02-20,28.646,28.647
2024-02-21,28.646,28.646
2024-02-22,28.644,28.646
2024-02-23,28.645,28.644
2024-02-26,29.471,28.645
2024-02-27,29.471,29.471
2024-02-28,29.472,29.471
2024-02-29,29.761,29.472
2024-03-01,29.76,29.761
2024-03-04,29.912,29.76
2024-03-05,29.913,29.912
2024-03-06,29.913,29.913
2024-03-07,29.912,29.913
2024-03-08,29.913,29.912
2024-03-11,31.821,29.913
2024-03-12,31.813,31.821
2024-03-13,31.803,31.813
2024-03-14,30.873,31.803
2024-03-15,30.873,30.873
2024-03-18,29.461,30.873
2024-03-19,29.449,29.461
2024-03-20,29.438,29.449
2024-03-21,29.426,29.438
2024-03-22,29.426,29.426
2024-03-25,28.071,29.426
2024-03-26,28.066,28.071
2024-03-27,28.064,28.066
2024-03-28,26.797,28.064
2024-03-29,26.795,26.797
2024-04-01,25.865,26.795
2024-04-02,26.759,25.865
2024-04-03,26.491,26.759
2024-04-04,26.488,26.491
2024-04-05,26.489,26.488
2024-04-08,26.861,26.489
2024-04-09,27.311,26.861
2024-04-10,27.36,27.311
2024-04-11,27.36,27.36
2024-04-12,26.991,27.36
2024-04-15,26.289,26.991
2024-04-16,27.948,26.289
2024-04-17,26.781,27.948
2024-04-18,26.353,26.781
2024-04-19,26.354,26.353
2024-04-22,26.581,26.354
2024-04-23,26.855,26.581
2024-04-24,26.001,26.855
2024-04-25,25.769,26.001
2024-04-26,26.001,25.769
2024-04-29,26.087,26.001
2024-04-30,27.245,26.087
2024-05-01,26.197,27.245
2024-05-02,26.125,26.197
2024-05-03,26.125,26.125
2024-05-06,25.971,26.125
2024-05-07,26.063,25.971
2024-05-08,25.961,26.063
2024-05-09,26.166,25.961
2024-05-10,26.164,26.166
2024-05-13,26.232,26.164
2024-05-14,27.34,26.232
2024-05-15,26.154,27.34
2024-05-16,26.234,26.154
2024-05-17,26.235,26.234
2024-05-20,26.126,26.235
2024-05-21,26.099,26.126
2024-05-22,26.185,26.099
2024-05-23,25.89,26.185
2024-05-24,25.889,25.89
2024-05-27,26.058,25.889
2024-05-28,26.519,26.058
2024-05-29,26.157,26.519
2024-05-30,26.448,26.157
2024-05-31,26.447,26.448
2024-06-03,25.987,26.447
2024-06-04,25.924,25.987
2024-06-05,26.261,25.924
2024-06-06,26.26,26.261
2024-06-07,26.26,26.26
2024-06-10,25.689,26.26
2024-06-11,25.888,25.689
2024-06-12,25.89,25.888
2024-06-13,25.925,25.89
2024-06-14,25.924,25.925
2024-06-17,26.179,25.924
2024-06-18,26.179,26.179
2024-06-19,26.19,26.179
2024-06-20,26.197,26.19
2024-06-21,25.923,26.197
2024-06-24,26.294,25.923
2024-06-25,26.076,26.294
2024-06-26,26.077,26.076
2024-06-27,26.281,26.077
2024-06-28,26.281,26.281
2024-07-01,26.686,26.281
2024-07-02,25.731,26.686
2024-07-03,26.299,25.731
2024-07-04,26.19,26.299
2024-07-05,26.19,26.19
2024-07-08,26.062,26.19
2024-07-09,26.089,26.062
2024-07-10,26.271,26.089
2024-07-11,25.947,26.271
2024-07-12,26.272,25.947
2024-07-15,26.442,26.272
2024-07-16,26.328,26.442
2024-07-17,25.747,26.328
2024-07-18,26.217,25.747
2024-07-19,26.217,26.217
2024-07-22,26.083,26.217
2024-07-23,26.721,26.083
2024-07-24,26.734,26.721
2024-07-26,26.762,26.734
2024-07-29,26.347,26.762
2024-07-30,26.462,26.347
2024-07-31,26.228,26.462
2024-08-01,26.571,26.228
2024-08-02,26.572,26.571
2024-08-05,26.986,26.572
2024-08-06,26.688,26.986
2024-08-07,27.152,26.688
2024-08-08,26.41,27.152
2024-08-09,26.41,26.41
2024-08-12,26.829,26.41
2024-08-13,26.396,26.829
2024-08-14,26.133,26.396
2024-08-15,26.368,26.133
2024-08-16,26.368,26.368
2024-08-19,26.735,26.368
2024-08-20,26.532,26.735
2024-08-21,26.33,26.532
2024-08-22,26.634,26.33
2024-08-23,26.634,26.634
2024-08-26,26.837,26.634
2024-08-27,26.902,26.837
2024-08-28,26.762,26.902
2024-08-29,26.777,26.762
2024-08-30,26.776,26.777
2024-09-02,27.134,26.776
2024-09-03,26.993,27.134
2024-09-04,27.051,26.993
2024-09-05,27.148,27.051
2024-09-06,27.149,27.148
2024-09-09,26.754,27.149
2024-09-10,26.638,26.754
2024-09-11,26.449,26.638
2024-09-12,26.697,26.449
2024-09-13,26.698,26.697
2024-09-16,27.132,26.698
2024-09-17,26.924,27.132
2024-09-18,26.557,26.924
2024-09-19,27.902,26.557
2024-09-20,27.903,27.902
2024-09-23,27.512,27.903
2024-09-24,27.412,27.512
2024-09-25,27.43,27.412
2024-09-26,27.394,27.43
2024-09-27,27.395,27.394
2024-09-30,25.994,27.395
2024-10-01,26.486,25.994
2024-10-02,26.898,26.486
2024-10-03,26.833,26.898
2024-10-04,26.833,26.833
2024-10-07,26.931,26.833
2024-10-08,27.278,26.931
2024-10-09,27.538,27.278
2024-10-10,26.642,27.538
2024-10-11,26.642,26.642
2024-10-14,27.883,26.642
2024-10-15,26.928,27.883
2024-10-16,27.269,26.928
2024-10-17,27.614,27.269
2024-10-18,27.614,27.614
2024-10-21,28.082,27.614
2024-10-22,28.072,28.082
2024-10-23,28.173,28.072
2024-10-24,28.097,28.173
2024-10-25,28.098,28.097
2024-10-28,28.345,28.098
2024-10-29,28.406,28.345
2024-10-30,27.816,28.406
2024-10-31,28.543,27.816
2024-11-01,28.542,28.543
2024-11-04,28.927,28.542
2024-11-05,28.464,28.927
2024-11-06,29.027,28.464
2024-11-07,29.018,29.027
2024-11-08,29.018,29.018
2024-11-11,28.819,29.018
2024-11-12,28.594,28.819
2024-11-13,26.076,28.594
2024-11-14,26.546,26.076
2024-11-15,26.548,26.546
2024-11-18,26.549,26.548
2024-11-19,26.371,26.549
2024-11-20,26.372,26.371
2024-11-21,27.191,26.372
2024-11-22,27.191,27.191
2024-11-25,27.524,27.191
2024-11-26,26.807,27.524
2024-11-27,26.503,26.807
2024-11-28,26.791,26.503
2024-11-29,26.791,26.791
2024-12-02,27.453,26.791
2024-12-03,27.398,27.453
2024-12-04,27.397,27.398
2024-12-05,27.014,27.397
2024-12-06,27.014,27.014
2024-12-09,27.502,27.014
2024-12-10,27.577,27.502
2024-12-11,27.377,27.577
2024-12-12,27.085,27.377
2024-12-13,27.086,27.085
2024-12-16,27.188,27.086
2024-12-17,27.72,27.188
2024-12-18,27.442,27.72
2024-12-19,27.304,27.442
2024-12-20,27.305,27.304
2024-12-23,27.478,27.305
2024-12-24,27.67,27.478
2024-12-25,27.439,27.67
2024-12-26,28.153,27.439
2024-12-27,28.153,28.153
2024-12-30,27.403,28.153
2024-12-31,26.603,27.403
2025-01-02,26.382,26.603
2025-01-03,26.382,26.382
2025-01-06,26.339,26.382
2025-01-08,26.322,26.339
2025-01-09,26.01,26.322
2025-01-10,26.01,26.01
2025-01-13,26.01,26.01
2025-01-14,25.99,26.01
2025-01-15,25.98,25.99
2025-01-16,25.98,25.98
2025-01-17,25.98,25.98
2025-01-20,25.71,25.98
2025-01-21,25.58,25.71
2025-01-22,25.53,25.58
2025-01-23,25.21,25.53
2025-01-24,25.28,25.21
2025-01-27,25.1,25.28
2025-01-28,25.11,25.1
2025-01-29,25.12,25.11
2025-01-30,25.13,25.12
2025-01-31,25.13,25.13
2025-02-03,25.23,25.13
2025-02-04,25.24,25.23
2025-02-05,25.25,25.24
2025-02-06,25.26,25.25
2025-02-07,25.26,25.26
2025-02-10,25.39,25.26
2025-02-11,25.4,25.39
2025-02-12,25.42,25.4
2025-02-13,25.42,25.42
2025-02-14,25.43,25.42
2025-02-17,25.58,25.43
2025-02-18,25.59,25.58
2025-02-19,25.6,25.59
2025-02-20,25.6,25.6
2025-02-21,25.61,25.6
2025-02-24,25.68,25.61
2025-02-25,25.69,25.68
2025-02-26,25.7,25.69
2025-02-27,25.71,25.7
2025-02-28,25.71,25.71
2025-03-03,25.91,25.71
2025-03-04,25.92,25.91
2025-03-05,25.93,25.92
2025-03-06,25.95,25.93
2025-03-07,25.95,25.95
2025-03-10,26.2,25.95
2025-03-11,26.22,26.2
2025-03-12,26.23,26.22
2025-03-13,26.25,26.23
2025-03-14,26.24,26.25
2025-03-17,25.29,26.24
2025-03-18,24.95,25.29
2025-03-19,24.96,24.95
2025-03-20,24.97,24.96
2025-03-21,24.97,24.97
2025-03-24,24.47,24.97
2025-03-25,24.48,24.47
2025-03-26,24.49,24.48
2025-03-27,24.84,24.49
2025-03-28,24.77,24.84
2025-04-02,24.99,24.77
2025-04-03,25.0,24.99
2025-04-04,25.0,25.0
2025-04-07,25.1,25.0
2025-04-08,25.21,25.1
2025-04-09,25.98,25.21
2025-04-10,26.07,25.98
2025-04-11,25.98,26.07
2025-04-14,26.03,25.98
2025-04-15,26.04,26.03
2025-04-16,26.05,26.04
2025-04-17,25.88,26.05
2025-04-18,25.88,25.88
2025-04-22,25.92,25.88
2025-04-23,25.94,25.92
2025-04-25,25.95,25.94
2025-04-28,25.5,25.95
2025-04-29,24.65,25.5
2025-04-30,24.65,24.65
2025-05-02,24.65,24.65
2025-05-05,24.97,24.65
2025-05-06,25.33,24.97
2025-05-07,24.19,25.33
2025-05-08,24.53,24.19
2025-05-09,24.53,24.53
2025-05-12,24.64,24.53
2025-05-13,24.58,24.64
2025-05-14,24.66,24.58
2025-05-15,24.71,24.66
2025-05-16,24.71,24.71
2025-05-19,24.65,24.71
2025-05-20,24.79,24.65
2025-05-21,24.81,24.79
2025-05-22,24.86,24.81
2025-05-23,24.86,24.86
2025-05-26,24.78,24.86
2025-05-27,24.86,24.78
2025-05-28,24.99,24.86
2025-05-29,24.92,24.99
2025-05-30,24.92,24.92
2025-06-02,25.12,24.92
2025-06-03,25.22,25.12
2025-06-04,25.4,25.22
2025-06-05,26.04,25.4
2025-06-06,25.4,26.04
2025-06-09,25.728,25.4
2025-06-10,25.45,25.728
2025-06-11,25.47,25.45
2025-06-12,25.47,25.47
2025-06-13,25.47,25.47
2025-06-16,25.55,25.47
2025-06-17,25.79,25.55
2025-06-18,25.73,25.79
2025-06-19,25.84,25.73
2025-06-20,25.84,25.84
2025-06-23,25.92,25.84
2025-06-24,26.06,25.92
2025-06-25,26.03,26.06
2025-06-26,26.437,26.03
2025-06-27,26.04,26.437
2025-06-30,26.03,26.04
2025-07-01,25.7,26.03
2025-07-02,25.59,25.7
2025-07-03,25.992,25.59
2025-07-04,25.59,25.992
2025-07-07,25.915,25.59
2025-07-08,26.253,25.915
2025-07-09,25.116,26.253
2025-07-10,25.135,25.116
2025-07-11,25.136,25.135
2025-07-14,25.212,25.136
2025-07-15,25.557,25.212
2025-07-16,25.355,25.557
2025-07-17,25.764,25.355
2025-07-18,25.765,25.764
2025-07-21,25.665,25.765
2025-07-22,25.711,25.665
2025-07-23,25.916,25.711
2025-07-24,25.619,25.916
2025-07-25,25.842,25.619
2025-07-28,26.054,25.842
2025-07-29,26.174,26.054
2025-07-30,26.15,26.174
2025-07-31,26.296,26.15
2025-08-01,26.297,26.296
2025-08-04,26.439,26.297
2025-08-05,26.517,26.439
2025-08-06,26.671,26.517
2025-08-07,26.859,26.671
2025-08-08,26.86,26.859
2025-08-11,26.305,26.86
2025-08-12,26.351,26.305
2025-08-13,26.597,26.351
2025-08-14,26.608,26.597
2025-08-15,26.607,26.608
2025-08-18,26.469,26.607
2025-08-19,26.62,26.469
2025-08-20,26.667,26.62
2025-08-21,26.637,26.667
2025-08-22,26.638,26.637
2025-08-25,26.209,26.638
2025-08-26,26.33,26.209
2025-08-27,26.32,26.33
2025-08-28,26.311,26.32
2025-08-29,26.311,26.311
2025-09-01,25.708,26.311
2025-09-02,25.941,25.708
2025-09-03,26.077,25.941
2025-09-04,26.078,26.077
2025-09-05,26.078,26.078
2025-09-08,25.94,26.078
2025-09-09,26.001,25.94
2025-09-10,25.992,26.001
2025-09-11,25.982,25.992
2025-09-12,25.983,25.982
2025-09-15,26.235,25.983
2025-09-16,25.624,26.235
2025-09-17,25.678,25.624
2025-09-18,25.677,25.678
2025-09-19,25.677,25.677
2025-09-22,25.591,25.677
2025-09-23,25.785,25.591
2025-09-24,25.835,25.785
2025-09-25,26.005,25.835
2025-09-26,26.006,26.005
2025-09-29,25.786,26.006
2025-09-30,25.91,25.786
2025-10-01,25.909,25.91
2025-10-02,25.925,25.909
2025-10-03,25.926,25.925
2025-10-06,25.616,25.926
2025-10-07,25.667,25.616
2025-10-08,25.594,25.667
2025-10-09,25.562,25.594
2025-10-10,25.563,25.562
2025-10-13,25.56,25.563
2025-10-14,25.604,25.56
2025-10-15,25.609,25.604
2025-10-16,25.738,25.609
2025-10-17,25.738,25.738
2025-10-20,25.719,25.738
2025-10-21,25.749,25.719
2025-10-22,25.823,25.749
2025-10-23,25.811,25.823
2025-10-24,25.811,25.811
2025-10-27,25.454,25.811
2025-10-28,25.468,25.454
2025-10-29,25.626,25.468
2025-10-30,25.658,25.626
2025-10-31,25.656,25.658
2025-11-03,25.563,25.656
2025-11-04,25.599,25.563
2025-11-05,25.659,25.599
2025-11-06,25.605,25.659
2025-11-07,25.605,25.605
2025-11-10,25.513,25.605
2025-11-11,25.551,25.513
2025-11-12,25.614,25.551
2025-11-13,25.551,25.614
2025-11-14,25.552,25.551
2025-11-17,25.525,25.552
2025-11-18,25.743,25.525
2025-11-19,25.524,25.743
2025-11-20,25.592,25.524
2025-11-21,25.591,25.592
2025-11-24,25.545,25.591
2025-11-25,25.622,25.545
2025-11-26,25.619,25.622
2025-11-27,25.597,25.619
2025-11-28,25.597,25.597
2025-12-01,25.381,25.597
2025-12-02,25.778,25.381
2025-12-03,25.371,25.778
2025-12-04,25.521,25.371
2025-12-05,25.521,25.521
2025-12-08,25.261,25.521
2025-12-09,25.402,25.261
2025-12-10,25.491,25.402
2025-12-11,25.616,25.491
2025-12-12,25.616,25.616
2025-12-15,25.404,25.616
2025-12-16,25.447,25.404
2025-12-17,25.494,25.447
2025-12-18,25.404,25.494
2025-12-19,25.405,25.404
2025-12-22,25.242,25.405
2025-12-23,25.347,25.242
2025-12-24,25.272,25.347
2025-12-25,25.26,25.272
2025-12-29,24.819,25.26
2025-12-30,24.78,24.819
2025-12-31,24.768,24.78
2026-01-01,24.773,24.768
2026-01-02,24.773,24.773
2026-01-05,24.589,24.773
2026-01-06,24.629,24.589
2026-01-07,24.628,24.629
2026-01-08,24.594,24.628
2026-01-09,24.593,24.594
2026-01-12,24.557,24.593
2026-01-13,24.55,24.557
2026-01-14,24.482,24.55
2026-01-15,24.588,24.482
2026-01-16,24.588,24.588
2026-01-19,24.571,24.588
2026-01-20,24.499,24.571
2026-01-21,24.563,24.499
2026-01-22,24.529,24.563
2026-01-23,24.531,24.529
2026-01-26,24.139,24.531
2026-01-27,26.697,24.139
2026-01-28,26.699,26.697
2026-01-29,26.702,26.699
2026-01-30,26.702,26.702
2026-02-02,26.71,26.702
2026-02-03,26.712,26.71
2026-02-04,26.714,26.712
2026-02-05,26.718,26.714
2026-02-06,26.718,26.718
2026-02-09,26.725,26.718
2026-02-10,26.727,26.725
2026-02-11,26.634,26.727
2026-02-12,26.639,26.634
2026-02-13,25.678,26.639
2026-02-16,25.392,25.678
2026-02-17,25.395,25.392
2026-02-18,25.397,25.395
2026-02-19,25.396,25.397
2026-02-20,25.396,25.396
2026-02-23,25.41,25.396
2026-02-24,25.447,25.41
2026-02-25,25.449,25.447
2026-02-26,25.318,25.449
2026-02-27,25.318,25.318
2026-03-02,25.326,25.318
2026-03-03,25.326,25.326
2026-03-04,25.326,25.326
2026-03-05,25.323,25.326
2026-03-06,25.323,25.323
2026-03-09,25.329,25.323
2026-03-10,25.33,25.329
2026-03-11,25.33,25.33
2026-03-12,23.404,25.33
2026-03-13,23.406,23.404
2026-03-16,23.188,23.406
2026-03-17,23.413,23.188
2026-03-18,23.402,23.413
2026-03-19,23.402,23.402
2026-03-20,23.402,23.402
2026-03-23,23.402,23.402
2026-03-24,23.641,23.402
2026-03-25,23.655,23.641
2026-03-26,23.518,23.655
2026-03-27,23.519,23.518
2026-03-30,25.124,23.519
2026-03-31,25.433,25.124
2026-04-01,25.344,25.433
2026-04-02,24.841,25.344
2026-04-03,24.84,24.841
2026-04-06,25.259,24.84
2026-04-07,24.924,25.259
2026-04-08,25.344,24.924
2026-04-09,24.703,25.344
2026-04-10,24.702,24.703
2026-04-13,24.702,24.702
2026-04-14,23.61,24.702
2026-04-15,23.514,23.61
2026-04-16,24.15,23.514
2026-04-17,24.15,24.15
2026-04-20,23.242,24.15
2026-04-21,23.358,23.242
2026-04-22,23.267,23.358
2026-04-23,23.286,23.267
2026-04-24,23.285,23.286
2026-04-27,23.257,23.285
2026-04-28,23.765,23.257
2026-04-29,23.642,23.765
2026-04-30,23.671,23.642
