"Date","Price","Open","High","Low","Vol.","Change %"
"05/07/2020","1,084.95","1,118.31","1,119.61","1,084.95","320.26M","-2.98%"
"05/06/2020","1,118.31","1,107.07","1,119.80","1,107.07","225.18M","1.02%"
"05/05/2020","1,107.07","1,088.93","1,107.18","1,088.93","234.02M","1.67%"
"05/04/2020","1,088.93","1,101.29","1,101.29","1,086.47","305.05M","-1.12%"
"05/03/2020","1,101.29","1,134.08","1,134.08","1,101.29","374.90M","-2.89%"
"04/30/2020","1,134.08","1,127.54","1,134.08","1,127.54","305.05M","0.58%"
"04/29/2020","1,127.54","1,124.87","1,133.18","1,124.87","364.30M","0.24%"
"04/28/2020","1,124.87","1,118.31","1,126.25","1,113.83","364.30M","0.59%"
"04/27/2020","1,118.31","1,120.21","1,125.68","1,116.80","395.62M","-0.17%"
"04/26/2020","1,120.21","1,095.11","1,121.25","1,095.11","400.68M","2.29%"
"04/23/2020","1,095.11","1,073.02","1,095.32","1,073.02","388.70M","2.06%"
"04/22/2020","1,073.02","1,072.55","1,073.02","1,067.16","366.53M","0.04%"
"04/21/2020","1,072.55","1,084.03","1,084.03","1,071.23","302.93M","-1.06%"
"04/16/2020","1,084.03","1,089.19","1,089.19","1,082.23","","-0.47%"
"04/15/2020","1,089.19","1,087.50","1,099.46","1,087.50","259.68M","0.16%"
"04/14/2020","1,087.50","1,073.96","1,088.95","1,073.14","292.74M","1.26%"
"04/13/2020","1,073.96","1,063.30","1,077.31","1,063.30","250.68M","1.00%"
"04/12/2020","1,063.30","1,062.60","1,065.00","1,059.48","178.74M","0.07%"
"04/09/2020","1,062.60","1,066.57","1,074.07","1,062.60","254.89M","-0.37%"
"04/08/2020","1,066.57","1,054.40","1,068.88","1,054.40","355.68M","1.15%"
"04/07/2020","1,054.40","1,024.64","1,054.40","1,024.64","389.60M","2.90%"
"04/06/2020","1,024.64","1,012.67","1,024.64","1,012.67","182.58M","1.18%"
"04/05/2020","1,012.67","1,024.34","1,024.54","1,010.86","140.78M","-1.14%"
"04/02/2020","1,024.34","1,017.97","1,026.66","1,017.58","179.59M","0.63%"
"04/01/2020","1,017.97","1,030.92","1,031.35","1,017.95","174.81M","-1.26%"
"03/31/2020","1,030.92","1,022.93","1,033.12","1,022.93","221.64M","0.78%"
"03/30/2020","1,022.93","1,038.18","1,040.64","1,022.92","178.40M","-1.47%"
"03/29/2020","1,038.18","1,036.16","1,039.22","1,029.34","","0.19%"
"03/26/2020","1,036.16","1,021.87","1,039.13","1,021.87","","1.40%"
"03/25/2020","1,021.87","1,002.01","1,021.88","1,002.01","189.56M","1.98%"
"03/24/2020","1,002.01","1,011.73","1,015.69","1,001.98","2.54B","-0.96%"
"03/23/2020","1,011.73","969.80","1,022.67","969.80","307.67M","4.32%"
"03/22/2020","969.80","930.12","971.34","930.12","","4.27%"
"03/19/2020","930.12","927.86","930.12","886.62","471.01M","0.24%"
"03/18/2020","927.86","976.68","977.98","927.86","163.52M","-5.00%"
"03/17/2020","976.68","1,023.72","1,023.72","976.66","193.97M","-4.60%"
"03/16/2020","1,023.72","1,089.69","1,089.69","1,023.40","231.50M","-6.05%"
"03/15/2020","1,089.69","1,172.81","1,172.81","1,089.69","191.91M","-7.09%"
"03/11/2020","1,172.81","1,166.76","1,182.26","1,166.60","197.67M","0.52%"
"03/10/2020","1,166.76","1,167.19","1,171.50","1,157.19","266.52M","-0.04%"
"03/09/2020","1,167.19","1,237.91","1,237.91","1,167.18","250.60M","-5.71%"
"03/08/2020","1,237.91","1,266.78","1,266.78","1,232.32","132.26M","-2.28%"
"03/05/2020","1,266.78","1,243.81","1,266.78","1,243.81","207.97M","1.85%"
"03/04/2020","1,243.81","1,252.01","1,253.20","1,242.42","149.25M","-0.65%"
"03/03/2020","1,252.01","1,240.50","1,254.18","1,240.50","186.44M","0.93%"
"03/02/2020","1,240.50","1,239.71","1,257.82","1,239.49","229.89M","0.06%"
"03/01/2020","1,239.71","1,311.08","1,311.08","1,237.66","167.11M","-5.44%"
"02/27/2020","1,311.08","1,325.97","1,331.12","1,309.72","249.63M","-1.12%"
"02/26/2020","1,325.97","1,328.38","1,331.43","1,323.08","172.82M","-0.18%"
"02/25/2020","1,328.38","1,329.07","1,329.07","1,324.38","177.02M","-0.05%"
"02/24/2020","1,329.07","1,361.90","1,361.90","1,328.93","177.02M","-2.41%"
"02/23/2020","1,361.90","1,364.67","1,367.41","1,361.79","105.77M","-0.20%"
"02/20/2020","1,364.67","1,358.69","1,366.19","1,358.69","171.91M","0.44%"
"02/19/2020","1,358.69","1,358.65","1,362.38","1,357.99","146.22M","0.00%"
"02/18/2020","1,358.65","1,374.48","1,375.50","1,358.65","151.18M","-1.15%"
"02/17/2020","1,374.48","1,371.79","1,375.73","1,371.32","94.54M","0.20%"
"02/16/2020","1,371.79","1,384.09","1,384.61","1,371.79","98.08M","-0.89%"
"02/13/2020","1,384.09","1,380.41","1,386.30","1,380.41","123.36M","0.27%"
"02/12/2020","1,380.41","1,391.36","1,393.04","1,378.67","95.66M","-0.79%"
"02/11/2020","1,391.36","1,393.69","1,399.53","1,391.36","100.27M","-0.17%"
"02/10/2020","1,393.69","1,405.20","1,405.20","1,393.69","107.66M","-0.82%"
"02/09/2020","1,405.20","1,400.90","1,409.37","1,400.90","107.71M","0.31%"
"02/06/2020","1,400.90","1,390.90","1,402.15","1,390.90","165.72M","0.72%"
"02/05/2020","1,390.90","1,379.85","1,393.15","1,379.85","134.36M","0.80%"
"02/04/2020","1,379.85","1,383.57","1,388.63","1,379.83","129.80M","-0.27%"
"02/03/2020","1,383.57","1,385.85","1,385.85","1,383.45","87.20M","-0.16%"
"02/02/2020","1,385.85","1,395.11","1,396.60","1,385.81","211.01M","-0.66%"
"01/30/2020","1,395.11","1,384.63","1,397.53","1,384.63","222.95M","0.76%"
"01/29/2020","1,384.63","1,363.81","1,384.63","1,363.81","134.77M","1.53%"
"01/28/2020","1,363.81","1,372.83","1,372.83","1,357.11","112.97M","-0.66%"
"01/27/2020","1,372.83","1,381.74","1,383.76","1,372.83","85.21M","-0.64%"
"01/26/2020","1,381.74","1,383.04","1,385.14","1,381.42","81.77M","-0.09%"
"01/23/2020","1,383.04","1,379.71","1,386.23","1,379.71","123.29M","0.24%"
"01/22/2020","1,379.71","1,368.55","1,381.68","1,368.50","81.40M","0.82%"
"01/21/2020","1,368.55","1,377.31","1,377.31","1,365.77","125.97M","-0.64%"
"01/20/2020","1,377.31","1,387.86","1,388.20","1,377.31","87.65M","-0.76%"
"01/19/2020","1,387.86","1,390.77","1,398.82","1,387.73","92.50M","-0.21%"
"01/16/2020","1,390.77","1,383.11","1,391.87","1,382.46","96.94M","0.55%"
"01/15/2020","1,383.11","1,377.61","1,384.82","1,376.97","89.10M","0.40%"
"01/14/2020","1,377.61","1,369.27","1,379.66","1,369.27","172.61M","0.61%"
"01/13/2020","1,369.27","1,371.48","1,374.18","1,367.65","192.43M","-0.16%"
"01/12/2020","1,371.48","1,363.21","1,373.27","1,363.07","109.59M","0.61%"
"01/09/2020","1,363.21","1,335.93","1,363.37","1,335.93","129.71M","2.04%"
"01/08/2020","1,335.93","1,313.09","1,335.93","1,303.61","163.96M","1.74%"
"01/06/2020","1,313.09","1,332.01","1,332.01","1,303.63","147.34M","-1.42%"
"01/05/2020","1,332.01","1,399.07","1,399.07","1,332.01","","-4.79%"
"01/02/2020","1,399.07","1,398.10","1,403.11","1,398.07","61.43M","0.07%"
"12/31/2019","1,398.10","1,390.95","1,405.12","1,390.57","109.56M","0.51%"
"12/30/2019","1,390.95","1,389.33","1,392.24","1,388.15","102.54M","0.12%"
"12/29/2019","1,389.33","1,391.88","1,392.78","1,389.33","80.79M","-0.18%"
"12/26/2019","1,391.88","1,386.17","1,393.34","1,386.11","67.52M","0.41%"
"12/25/2019","1,386.17","1,384.06","1,388.52","1,384.04","56.33M","0.15%"
"12/24/2019","1,384.06","1,390.74","1,391.01","1,383.33","60.94M","-0.48%"
"12/23/2019","1,390.74","1,395.01","1,395.26","1,390.74","77.87M","-0.31%"
"12/22/2019","1,395.01","1,393.01","1,397.85","1,392.21","","0.14%"
"12/19/2019","1,393.01","1,392.92","1,394.88","1,392.44","103.92M","0.01%"
"12/18/2019","1,392.92","1,381.81","1,394.53","1,381.81","510.43M","0.80%"
"12/17/2019","1,381.81","1,364.76","1,381.84","1,364.76","150.19M","1.25%"
"12/16/2019","1,364.76","1,359.95","1,364.76","1,359.85","70.74M","0.35%"
"12/15/2019","1,359.95","1,360.44","1,366.12","1,359.36","37.78M","-0.04%"
"12/12/2019","1,360.44","1,363.39","1,363.64","1,358.69","74.53M","-0.22%"
"12/11/2019","1,363.39","1,376.20","1,377.41","1,363.39","104.07M","-0.93%"
"12/10/2019","1,376.20","1,369.05","1,376.20","1,368.74","81.37M","0.52%"
"12/09/2019","1,369.05","1,372.09","1,373.24","1,368.10","53.01M","-0.22%"
"12/08/2019","1,372.09","1,382.15","1,382.15","1,372.07","","-0.73%"
"12/05/2019","1,382.15","1,386.71","1,391.00","1,381.22","91.26M","-0.33%"
"12/04/2019","1,386.71","1,367.13","1,386.71","1,367.13","100.13M","1.43%"
"12/03/2019","1,367.13","1,376.29","1,377.17","1,361.43","127.87M","-0.67%"
"12/02/2019","1,376.29","1,400.44","1,401.62","1,376.29","138.36M","-1.72%"
"12/01/2019","1,400.44","1,402.00","1,408.62","1,400.44","75.87M","-0.11%"
"11/28/2019","1,402.00","1,392.96","1,403.36","1,392.95","73.47M","0.65%"
"11/27/2019","1,392.96","1,398.27","1,399.57","1,392.88","52.05M","-0.38%"
"11/26/2019","1,398.27","1,410.58","1,410.63","1,398.27","104.50M","-0.87%"
"11/25/2019","1,410.58","1,417.56","1,420.29","1,409.71","91.12M","-0.49%"
"11/24/2019","1,417.56","1,427.50","1,427.50","1,417.56","47.15M","-0.70%"
"11/21/2019","1,427.50","1,427.33","1,432.48","1,424.63","115.46M","0.01%"
"11/20/2019","1,427.33","1,421.38","1,428.15","1,421.19","180.64M","0.42%"
"11/19/2019","1,421.38","1,424.99","1,427.83","1,421.38","117.98M","-0.25%"
"11/18/2019","1,424.99","1,438.68","1,438.72","1,424.99","102.93M","-0.95%"
"11/17/2019","1,438.68","1,447.79","1,448.75","1,438.68","99.07M","-0.63%"
"11/14/2019","1,447.79","1,451.05","1,452.88","1,440.57","136.79M","-0.22%"
"11/13/2019","1,451.05","1,453.93","1,454.68","1,450.49","104.40M","-0.20%"
"11/12/2019","1,453.93","1,462.21","1,462.59","1,453.93","174.00M","-0.57%"
"11/11/2019","1,462.21","1,459.57","1,467.39","1,459.57","187.84M","0.18%"
"11/07/2019","1,459.57","1,452.61","1,461.12","1,452.61","117.61M","0.48%"
"11/06/2019","1,452.61","1,452.44","1,459.20","1,452.24","125.57M","0.01%"
"11/05/2019","1,452.44","1,445.11","1,454.51","1,445.11","135.44M","0.51%"
"11/04/2019","1,445.11","1,445.28","1,449.42","1,445.09","158.80M","-0.01%"
"11/03/2019","1,445.28","1,436.86","1,449.53","1,436.86","150.86M","0.59%"
"10/31/2019","1,436.86","1,430.99","1,438.40","1,430.99","240.91M","0.41%"
"10/30/2019","1,430.99","1,427.51","1,434.64","1,427.51","161.38M","0.24%"
"10/29/2019","1,427.51","1,414.10","1,428.07","1,414.10","226.26M","0.95%"
"10/28/2019","1,414.10","1,407.41","1,415.56","1,406.59","194.26M","0.48%"
"10/27/2019","1,407.41","1,406.50","1,411.79","1,406.50","179.69M","0.06%"
"10/24/2019","1,406.50","1,400.15","1,407.92","1,399.00","146.95M","0.45%"
"10/23/2019","1,400.15","1,413.96","1,413.96","1,398.09","146.95M","-0.98%"
"10/22/2019","1,413.96","1,417.02","1,418.55","1,413.94","173.21M","-0.22%"
"10/21/2019","1,417.02","1,418.44","1,422.34","1,417.00","128.04M","-0.10%"
"10/20/2019","1,418.44","1,414.96","1,422.05","1,414.96","92.76M","0.25%"
"10/17/2019","1,414.96","1,407.49","1,415.04","1,407.49","235.23M","0.53%"
"10/16/2019","1,407.49","1,390.54","1,407.49","1,390.54","190.34M","1.22%"
"10/15/2019","1,390.54","1,405.95","1,406.21","1,390.40","118.80M","-1.10%"
"10/14/2019","1,405.95","1,412.05","1,416.08","1,405.91","159.28M","-0.43%"
"10/13/2019","1,412.05","1,408.54","1,414.32","1,408.54","91.61M","0.25%"
"10/10/2019","1,408.54","1,397.69","1,411.30","1,397.69","146.15M","0.78%"
"10/09/2019","1,397.69","1,406.24","1,406.24","1,395.84","131.55M","-0.61%"
"10/08/2019","1,406.24","1,416.31","1,421.92","1,406.24","215.85M","-0.71%"
"10/07/2019","1,416.31","1,396.19","1,417.55","1,396.19","201.35M","1.44%"
"10/03/2019","1,396.19","1,388.14","1,396.29","1,369.06","248.44M","0.58%"
"10/02/2019","1,388.14","1,414.61","1,417.19","1,388.14","189.88M","-1.87%"
"10/01/2019","1,414.61","1,393.07","1,416.21","1,393.07","167.96M","1.55%"
"09/30/2019","1,393.07","1,389.72","1,394.98","1,388.23","200.49M","0.24%"
"09/29/2019","1,389.72","1,339.59","1,390.21","1,339.59","486.19M","3.74%"
"09/26/2019","1,339.59","1,327.30","1,344.19","1,327.30","231.19M","0.93%"
"09/25/2019","1,327.30","1,293.67","1,327.69","1,293.67","185.46M","2.60%"
"09/24/2019","1,293.67","1,334.65","1,334.65","1,293.45","266.00M","-3.07%"
"09/23/2019","1,334.65","1,358.04","1,358.04","1,334.65","244.57M","-1.72%"
"09/22/2019","1,358.04","1,439.86","1,439.86","1,357.50","","-5.68%"
"09/19/2019","1,439.86","1,440.43","1,444.07","1,438.57","191.34M","-0.04%"
"09/18/2019","1,440.43","1,443.67","1,446.51","1,438.62","133.20M","-0.22%"
"09/17/2019","1,443.67","1,467.24","1,469.94","1,443.62","252.37M","-1.61%"
"09/16/2019","1,467.24","1,474.16","1,474.16","1,459.74","170.03M","-0.47%"
"09/15/2019","1,474.16","1,480.62","1,484.83","1,474.16","109.19M","-0.44%"
"09/12/2019","1,480.62","1,481.07","1,483.16","1,479.63","150.87M","-0.03%"
"09/11/2019","1,481.07","1,481.80","1,486.66","1,480.95","129.55M","-0.05%"
"09/10/2019","1,481.80","1,473.45","1,486.39","1,473.45","116.13M","0.57%"
"09/09/2019","1,473.45","1,477.42","1,481.16","1,473.04","137.99M","-0.27%"
"09/08/2019","1,477.42","1,469.49","1,480.68","1,469.49","116.56M","0.54%"
"09/05/2019","1,469.49","1,466.87","1,472.33","1,465.30","155.82M","0.18%"
"09/04/2019","1,466.87","1,469.08","1,473.89","1,466.85","155.21M","-0.15%"
"09/03/2019","1,469.08","1,477.93","1,482.74","1,469.08","151.34M","-0.60%"
"09/02/2019","1,477.93","1,461.62","1,479.06","1,456.79","178.11M","1.12%"
"09/01/2019","1,461.62","1,455.08","1,462.30","1,455.08","117.87M","0.45%"
"08/29/2019","1,455.08","1,447.45","1,458.55","1,447.45","201.48M","0.53%"
"08/28/2019","1,447.45","1,427.08","1,448.58","1,426.25","172.47M","1.43%"
"08/27/2019","1,427.08","1,427.15","1,433.00","1,427.02","268.80M","0.00%"
"08/26/2019","1,427.15","1,435.02","1,435.61","1,421.52","207.77M","-0.55%"
"08/25/2019","1,435.02","1,443.25","1,455.10","1,435.02","334.85M","-0.57%"
"08/22/2019","1,443.25","1,444.63","1,446.99","1,442.60","179.54M","-0.10%"
"08/21/2019","1,444.63","1,443.44","1,454.80","1,443.44","277.54M","0.08%"
"08/20/2019","1,443.44","1,430.01","1,444.12","1,430.01","262.22M","0.94%"
"08/19/2019","1,430.01","1,427.89","1,432.83","1,424.68","309.74M","0.15%"
"08/18/2019","1,427.89","1,420.89","1,430.28","1,420.89","178.87M","0.49%"
"08/15/2019","1,420.89","1,431.74","1,432.04","1,419.18","170.53M","-0.76%"
"08/14/2019","1,431.74","1,404.23","1,431.75","1,404.23","199.32M","1.96%"
"08/08/2019","1,404.23","1,377.16","1,404.81","1,377.14","222.31M","1.97%"
"08/07/2019","1,377.16","1,360.55","1,377.18","1,360.55","227.59M","1.22%"
"08/06/2019","1,360.55","1,361.74","1,362.79","1,357.72","117.78M","-0.09%"
"08/05/2019","1,361.74","1,364.94","1,365.87","1,361.47","155.63M","-0.23%"
"08/04/2019","1,364.94","1,359.91","1,367.33","1,359.76","145.95M","0.37%"
"08/01/2019","1,359.91","1,347.02","1,359.91","1,346.26","148.68M","0.96%"
"07/31/2019","1,347.02","1,352.72","1,352.72","1,344.23","144.00M","-0.42%"
"07/30/2019","1,352.72","1,356.70","1,360.27","1,352.72","153.10M","-0.29%"
"07/29/2019","1,356.70","1,362.54","1,363.60","1,356.60","91.70M","-0.43%"
"07/28/2019","1,362.54","1,375.77","1,378.23","1,362.54","68.20M","-0.96%"
"07/25/2019","1,375.77","1,376.92","1,382.10","1,375.54","116.02M","-0.08%"
"07/24/2019","1,376.92","1,374.70","1,381.16","1,374.70","135.18M","0.16%"
"07/22/2019","1,374.70","1,372.31","1,375.64","1,369.11","95.55M","0.17%"
"07/21/2019","1,372.31","1,376.08","1,376.14","1,372.31","99.27M","-0.27%"
"07/18/2019","1,376.08","1,371.54","1,376.26","1,371.54","113.55M","0.33%"
"07/17/2019","1,371.54","1,376.42","1,376.91","1,370.69","119.63M","-0.35%"
"07/16/2019","1,376.42","1,389.99","1,394.41","1,376.42","129.97M","-0.98%"
"07/15/2019","1,389.99","1,390.62","1,391.71","1,387.20","159.90M","-0.05%"
"07/14/2019","1,390.62","1,403.32","1,404.88","1,390.62","129.22M","-0.90%"
"07/11/2019","1,403.32","1,411.94","1,413.23","1,403.29","131.31M","-0.61%"
"07/10/2019","1,411.94","1,408.80","1,423.31","1,408.79","126.58M","0.22%"
"07/09/2019","1,408.80","1,435.58","1,440.27","1,405.17","221.51M","-1.87%"
"07/08/2019","1,435.58","1,464.86","1,469.22","1,435.55","225.21M","-2.00%"
"07/07/2019","1,464.86","1,524.14","1,525.23","1,464.80","459.40M","-3.89%"
"07/04/2019","1,524.14","1,539.00","1,539.00","1,524.14","204.33M","-0.97%"
"07/03/2019","1,539.00","1,541.43","1,543.36","1,538.98","221.86M","-0.16%"
"07/02/2019","1,541.43","1,540.64","1,543.07","1,540.27","214.02M","0.05%"
"06/27/2019","1,540.64","1,534.43","1,541.93","1,534.43","277.24M","0.40%"
"06/26/2019","1,534.43","1,523.12","1,534.43","1,523.12","266.15M","0.74%"
"06/25/2019","1,523.12","1,528.13","1,528.13","1,523.05","93.22M","-0.33%"
"06/24/2019","1,528.13","1,535.70","1,536.79","1,528.13","69.53M","-0.49%"
"06/23/2019","1,535.70","1,536.89","1,538.97","1,535.19","53.88M","-0.08%"
"06/20/2019","1,536.89","1,541.76","1,542.04","1,536.83","123.75M","-0.32%"
"06/19/2019","1,541.76","1,544.13","1,546.19","1,541.76","78.67M","-0.15%"
"06/18/2019","1,544.13","1,549.15","1,549.15","1,544.13","73.86M","-0.32%"
"06/17/2019","1,549.15","1,549.83","1,552.29","1,548.20","89.41M","-0.04%"
"06/16/2019","1,549.83","1,546.83","1,550.39","1,546.83","74.04M","0.19%"
"06/13/2019","1,546.83","1,547.75","1,551.82","1,546.83","97.76M","-0.06%"
"06/12/2019","1,547.75","1,546.91","1,548.59","1,545.73","127.51M","0.05%"
"06/11/2019","1,546.91","1,544.53","1,550.60","1,544.48","148.21M","0.15%"
"06/10/2019","1,544.53","1,532.54","1,545.95","1,532.54","165.54M","0.78%"
"06/09/2019","1,532.54","1,521.41","1,532.84","1,521.41","86.60M","0.73%"
"06/03/2019","1,521.41","1,519.74","1,521.41","1,516.90","52.84M","0.11%"
"06/02/2019","1,519.74","1,521.84","1,521.90","1,517.77","86.60M","-0.14%"
"05/30/2019","1,521.84","1,537.30","1,537.87","1,521.82","105.13M","-1.01%"
"05/29/2019","1,537.30","1,541.58","1,545.27","1,537.30","158.64M","-0.28%"
"05/28/2019","1,541.58","1,536.95","1,541.58","1,536.74","148.76M","0.30%"
"05/27/2019","1,536.95","1,544.18","1,545.62","1,535.96","89.67M","-0.47%"
"05/26/2019","1,544.18","1,536.45","1,544.18","1,536.10","108.29M","0.50%"
"05/23/2019","1,536.45","1,523.81","1,536.59","1,523.74","64.51M","0.83%"
"05/22/2019","1,523.81","1,529.34","1,533.62","1,523.80","67.15M","-0.36%"
"05/21/2019","1,529.34","1,518.91","1,529.37","1,517.37","96.31M","0.69%"
"05/20/2019","1,518.91","1,527.14","1,527.22","1,518.90","69.87M","-0.54%"
"05/19/2019","1,527.14","1,546.43","1,546.98","1,527.11","56.43M","-1.25%"
"05/16/2019","1,546.43","1,563.83","1,564.45","1,545.28","74.92M","-1.11%"
"05/15/2019","1,563.83","1,579.45","1,579.91","1,563.74","66.20M","-0.99%"
"05/14/2019","1,579.45","1,576.77","1,582.72","1,576.69","79.58M","0.17%"
"05/13/2019","1,576.77","1,584.05","1,584.31","1,574.31","118.66M","-0.46%"
"05/12/2019","1,584.05","1,579.78","1,584.93","1,579.67","65.97M","0.27%"
"05/09/2019","1,579.78","1,575.36","1,579.85","1,571.72","111.55M","0.28%"
"05/08/2019","1,575.36","1,613.25","1,613.25","1,575.23","120.34M","-2.35%"
"05/07/2019","1,613.25","1,627.99","1,631.45","1,613.25","66.95M","-0.91%"
"05/06/2019","1,627.99","1,642.88","1,642.90","1,627.99","60.41M","-0.91%"
"05/05/2019","1,642.88","1,658.00","1,658.68","1,642.87","111.74M","-0.91%"
"05/02/2019","1,658.00","1,657.31","1,660.27","1,657.28","46.96M","0.04%"
"04/30/2019","1,657.31","1,657.54","1,660.60","1,657.31","54.07M","-0.01%"
"04/24/2019","1,657.54","1,656.79","1,658.90","1,656.79","66.98M","0.05%"
"04/23/2019","1,656.79","1,661.37","1,662.87","1,656.79","73.82M","-0.28%"
"04/22/2019","1,661.37","1,672.36","1,678.41","1,661.11","68.48M","-0.66%"
"04/21/2019","1,672.36","1,682.29","1,682.29","1,672.36","41.02M","-0.59%"
"04/18/2019","1,682.29","1,691.60","1,691.93","1,682.05","104.00M","-0.55%"
"04/17/2019","1,691.60","1,696.97","1,696.97","1,690.15","80.62M","-0.32%"
"04/16/2019","1,696.97","1,708.96","1,709.20","1,696.97","133.59M","-0.70%"
"04/15/2019","1,708.96","1,716.10","1,716.10","1,708.46","70.86M","-0.42%"
"04/14/2019","1,716.10","1,707.68","1,716.45","1,707.68","74.75M","0.49%"
"04/11/2019","1,707.68","1,706.52","1,710.38","1,706.48","113.13M","0.07%"
"04/10/2019","1,706.52","1,705.21","1,707.67","1,704.19","95.07M","0.08%"
"04/09/2019","1,705.21","1,717.64","1,717.70","1,705.21","167.38M","-0.72%"
"04/08/2019","1,717.64","1,722.60","1,723.55","1,717.64","194.15M","-0.29%"
"04/07/2019","1,722.60","1,730.54","1,731.16","1,722.60","142.12M","-0.46%"
"04/04/2019","1,730.54","1,727.03","1,732.19","1,725.94","146.42M","0.20%"
"04/03/2019","1,727.03","1,747.38","1,749.92","1,727.01","131.10M","-1.16%"
"04/02/2019","1,747.38","1,739.79","1,747.55","1,739.78","154.42M","0.44%"
"04/01/2019","1,739.79","1,738.16","1,741.28","1,738.16","120.49M","0.09%"
"03/31/2019","1,738.16","1,739.21","1,742.26","1,738.16","","-0.06%"
"03/28/2019","1,739.21","1,731.92","1,739.21","1,731.92","136.87M","0.42%"
"03/27/2019","1,731.92","1,728.22","1,735.48","1,728.22","170.56M","0.21%"
"03/26/2019","1,728.22","1,734.82","1,735.46","1,727.26","212.08M","-0.38%"
"03/25/2019","1,734.82","1,743.02","1,745.66","1,734.82","140.10M","-0.47%"
"03/24/2019","1,743.02","1,740.72","1,745.48","1,740.72","","0.13%"
"03/21/2019","1,740.72","1,736.33","1,741.75","1,736.28","107.24M","0.25%"
"03/20/2019","1,736.33","1,736.03","1,739.32","1,734.40","130.99M","0.02%"
"03/19/2019","1,736.03","1,764.01","1,764.01","1,736.03","193.44M","-1.59%"
"03/18/2019","1,764.01","1,771.23","1,773.52","1,764.01","176.56M","-0.41%"
"03/17/2019","1,771.23","1,771.07","1,773.51","1,768.85","98.85M","0.01%"
"03/14/2019","1,771.07","1,780.00","1,782.80","1,771.06","180.58M","-0.50%"
"03/13/2019","1,780.00","1,790.01","1,794.52","1,780.00","198.13M","-0.56%"
"03/12/2019","1,790.01","1,790.07","1,792.62","1,790.01","221.88M","0.00%"
"03/11/2019","1,790.07","1,789.69","1,793.57","1,789.42","223.00M","0.02%"
"03/10/2019","1,789.69","1,789.05","1,792.54","1,789.05","145.18M","0.04%"
"03/07/2019","1,789.05","1,783.32","1,792.28","1,783.32","217.69M","0.32%"
"03/06/2019","1,783.32","1,785.31","1,786.91","1,780.49","187.67M","-0.11%"
"03/05/2019","1,785.31","1,787.53","1,792.45","1,785.29","155.63M","-0.12%"
"03/04/2019","1,787.53","1,804.88","1,805.63","1,787.52","216.66M","-0.96%"
"03/03/2019","1,804.88","1,812.01","1,814.85","1,804.88","215.94M","-0.39%"
"02/28/2019","1,812.01","1,801.53","1,818.55","1,801.53","509.32M","0.58%"
"02/27/2019","1,801.53","1,806.48","1,806.98","1,801.53","227.88M","-0.27%"
"02/26/2019","1,806.48","1,805.96","1,812.25","1,805.96","412.88M","0.03%"
"02/25/2019","1,805.96","1,803.46","1,805.96","1,801.60","299.75M","0.14%"
"02/24/2019","1,803.46","1,811.62","1,811.62","1,803.46","177.43M","-0.45%"
"02/21/2019","1,811.62","1,818.59","1,819.08","1,810.95","228.96M","-0.38%"
"02/20/2019","1,818.59","1,822.37","1,834.39","1,818.59","381.70M","-0.21%"
"02/19/2019","1,822.37","1,821.43","1,822.82","1,817.42","251.41M","0.05%"
"02/18/2019","1,821.43","1,820.26","1,824.89","1,820.26","317.22M","0.06%"
"02/17/2019","1,820.26","1,798.76","1,820.93","1,798.76","391.76M","1.20%"
"02/14/2019","1,798.76","1,800.14","1,803.60","1,798.38","202.46M","-0.08%"
"02/13/2019","1,800.14","1,794.50","1,805.52","1,794.50","257.36M","0.31%"
"02/12/2019","1,794.50","1,759.99","1,794.88","1,759.99","202.75M","1.96%"
"02/11/2019","1,759.99","1,756.58","1,760.61","1,756.45","156.30M","0.19%"
"02/10/2019","1,756.58","1,751.44","1,757.82","1,751.44","142.47M","0.29%"
"02/07/2019","1,751.44","1,745.33","1,754.14","1,744.16","214.70M","0.35%"
"02/06/2019","1,745.33","1,745.66","1,750.67","1,744.23","257.69M","-0.02%"
"02/05/2019","1,745.66","1,732.08","1,745.67","1,732.08","1.94B","0.78%"
"02/04/2019","1,732.08","1,732.54","1,735.79","1,732.07","935.78M","-0.03%"
"02/03/2019","1,732.54","1,722.86","1,735.42","1,722.86","339.87M","0.56%"
"01/31/2019","1,722.86","1,728.99","1,731.74","1,722.56","378.34M","-0.35%"
"01/30/2019","1,728.99","1,724.82","1,733.41","1,724.82","216.82M","0.24%"
"01/29/2019","1,724.82","1,727.20","1,728.61","1,721.53","212.49M","-0.14%"
"01/28/2019","1,727.20","1,724.44","1,729.67","1,724.44","256.60M","0.16%"
"01/27/2019","1,724.44","1,695.10","1,724.90","1,695.04","147.92M","1.73%"
"01/23/2019","1,695.10","1,697.43","1,697.87","1,690.96","118.78M","-0.14%"
"01/22/2019","1,697.43","1,701.76","1,705.00","1,697.43","122.44M","-0.25%"
"01/21/2019","1,701.76","1,701.49","1,702.78","1,699.77","107.82M","0.02%"
"01/20/2019","1,701.49","1,697.43","1,702.72","1,697.42","103.13M","0.24%"
"01/17/2019","1,697.43","1,701.14","1,702.04","1,697.24","166.96M","-0.22%"
"01/16/2019","1,701.14","1,702.64","1,705.92","1,700.91","219.09M","-0.09%"
"01/15/2019","1,702.64","1,720.93","1,727.36","1,702.33","133.72M","-1.06%"
"01/14/2019","1,720.93","1,729.33","1,730.42","1,720.93","144.45M","-0.49%"
"01/13/2019","1,729.33","1,724.08","1,731.84","1,724.08","180.83M","0.30%"
"01/10/2019","1,724.08","1,723.96","1,724.93","1,722.53","887.19M","0.01%"
"01/09/2019","1,723.96","1,724.06","1,727.12","1,723.96","205.95M","-0.01%"
"01/08/2019","1,724.06","1,721.90","1,728.02","1,721.90","225.28M","0.13%"
"01/06/2019","1,721.90","1,730.75","1,736.65","1,719.44","127.12M","-0.51%"
"01/03/2019","1,730.75","1,739.21","1,741.17","1,730.71","168.84M","-0.42%"
"01/02/2019","1,738.04","1,727.20","1,738.66","1,727.20","91.99M","0.63%"
"12/31/2018","1,727.21","1,690.19","1,727.21","1,690.09","164.34M","2.20%"
"12/30/2018","1,689.98","1,684.16","1,690.68","1,683.98","104.26M","0.34%"
"12/27/2018","1,684.18","1,682.91","1,689.95","1,682.91","131.46M","0.13%"
"12/26/2018","1,682.03","1,670.41","1,682.82","1,670.38","86.00M","0.71%"
"12/25/2018","1,670.16","1,675.48","1,675.48","1,667.92","91.35M","-0.34%"
"12/24/2018","1,675.86","1,684.39","1,684.39","1,673.62","88.85M","-0.50%"
"12/23/2018","1,684.36","1,698.43","1,698.79","1,684.36","93.59M","-0.85%"
"12/20/2018","1,698.79","1,692.02","1,698.92","1,689.83","125.75M","0.35%"
"12/19/2018","1,692.85","1,695.19","1,696.14","1,692.85","145.87M","-0.13%"
"12/18/2018","1,695.11","1,700.66","1,701.01","1,695.10","184.68M","-0.32%"
"12/17/2018","1,700.59","1,686.32","1,700.95","1,686.26","207.58M","0.83%"
"12/16/2018","1,686.56","1,690.74","1,691.09","1,686.54","138.77M","-0.25%"
"12/13/2018","1,690.74","1,680.90","1,692.04","1,680.83","186.56M","0.66%"
"12/12/2018","1,679.72","1,667.18","1,679.72","1,667.18","217.15M","0.79%"
"12/11/2018","1,666.56","1,649.90","1,666.72","1,649.90","153.99M","1.16%"
"12/10/2018","1,647.43","1,629.77","1,647.45","1,629.76","106.47M","1.12%"
"12/09/2018","1,629.22","1,647.36","1,647.36","1,628.52","102.44M","-1.10%"
"12/06/2018","1,647.42","1,653.47","1,657.80","1,647.42","114.96M","-0.33%"
"12/05/2018","1,652.94","1,659.36","1,659.36","1,651.05","144.56M","-0.43%"
"12/04/2018","1,660.12","1,681.58","1,681.58","1,660.05","147.23M","-1.28%"
"12/03/2018","1,681.66","1,691.75","1,693.10","1,681.66","176.16M","-0.59%"
"12/02/2018","1,691.70","1,707.80","1,707.88","1,691.70","116.67M","-0.88%"
"11/29/2018","1,706.79","1,708.27","1,712.44","1,706.78","234.58M","-0.10%"
"11/28/2018","1,708.58","1,705.89","1,716.20","1,705.89","190.15M","0.25%"
"11/27/2018","1,704.34","1,697.47","1,704.35","1,697.47","166.74M","0.41%"
"11/26/2018","1,697.44","1,701.81","1,701.91","1,696.25","144.26M","-0.26%"
"11/25/2018","1,701.85","1,722.56","1,722.57","1,701.80","200.70M","-1.28%"
"11/22/2018","1,723.91","1,728.22","1,734.12","1,723.91","294.34M","-0.21%"
"11/21/2018","1,727.48","1,732.64","1,732.64","1,726.86","225.07M","-0.33%"
"11/19/2018","1,733.13","1,752.75","1,755.34","1,731.98","278.73M","-1.11%"
"11/18/2018","1,752.58","1,738.42","1,752.86","1,738.42","222.60M","0.84%"
"11/15/2018","1,737.98","1,736.03","1,739.59","1,736.02","216.87M","0.12%"
"11/14/2018","1,735.88","1,742.92","1,742.98","1,735.70","181.66M","-0.36%"
"11/13/2018","1,742.10","1,756.28","1,757.92","1,742.10","243.48M","-0.81%"
"11/12/2018","1,756.25","1,756.20","1,757.81","1,755.00","272.12M","0.00%"
"11/11/2018","1,756.20","1,760.35","1,761.36","1,756.20","201.55M","-0.23%"
"11/08/2018","1,760.33","1,737.30","1,761.92","1,737.30","279.73M","1.33%"
"11/07/2018","1,737.16","1,755.36","1,764.98","1,737.16","261.70M","-1.03%"
"11/06/2018","1,755.25","1,709.20","1,755.25","1,709.20","283.71M","2.58%"
"11/05/2018","1,711.13","1,710.34","1,714.37","1,710.34","287.20M","0.02%"
"11/04/2018","1,710.85","1,722.77","1,727.62","1,710.79","170.32M","-0.67%"
"11/01/2018","1,722.31","1,739.12","1,741.25","1,722.31","201.44M","-0.96%"
"10/31/2018","1,739.08","1,709.23","1,743.10","1,708.08","222.85M","1.80%"
"10/30/2018","1,708.38","1,697.04","1,708.54","1,697.04","195.52M","0.67%"
"10/29/2018","1,697.02","1,678.63","1,697.02","1,678.62","143.21M","1.12%"
"10/28/2018","1,678.24","1,677.92","1,681.17","1,677.68","115.75M","0.03%"
"10/25/2018","1,677.70","1,718.75","1,718.88","1,675.99","157.83M","-2.47%"
"10/24/2018","1,720.11","1,742.64","1,742.64","1,720.04","136.32M","-1.26%"
"10/23/2018","1,742.04","1,746.23","1,749.77","1,739.88","158.19M","-0.18%"
"10/22/2018","1,745.13","1,741.93","1,747.93","1,741.91","170.09M","0.22%"
"10/21/2018","1,741.27","1,739.73","1,742.20","1,736.18","98.59M","0.07%"
"10/18/2018","1,740.02","1,746.46","1,747.15","1,739.99","131.31M","-0.40%"
"10/17/2018","1,747.03","1,761.91","1,764.42","1,742.09","173.56M","-0.84%"
"10/16/2018","1,761.79","1,749.64","1,761.98","1,749.10","133.88M","0.64%"
"10/15/2018","1,750.66","1,753.26","1,753.26","1,744.61","125.40M","-0.14%"
"10/14/2018","1,753.14","1,718.90","1,754.57","1,718.90","132.62M","1.99%"
"10/11/2018","1,718.94","1,736.31","1,736.31","1,710.02","214.18M","-1.30%"
"10/10/2018","1,741.51","1,734.68","1,742.00","1,733.41","163.17M","0.44%"
"10/09/2018","1,733.93","1,735.80","1,741.14","1,733.91","137.81M","-0.11%"
"10/08/2018","1,735.80","1,769.06","1,769.20","1,735.80","172.20M","-1.87%"
"10/04/2018","1,768.96","1,782.88","1,782.88","1,768.94","131.52M","-0.80%"
"10/03/2018","1,783.17","1,779.83","1,792.52","1,779.83","181.84M","0.21%"
"10/02/2018","1,779.42","1,777.76","1,781.30","1,777.14","146.48M","0.09%"
"10/01/2018","1,777.76","1,810.30","1,810.61","1,776.09","109.82M","-1.82%"
"09/30/2018","1,810.78","1,785.24","1,813.65","1,783.19","144.83M","1.45%"
"09/27/2018","1,784.85","1,781.82","1,786.65","1,779.08","152.80M","0.17%"
"09/26/2018","1,781.80","1,761.67","1,783.19","1,761.67","176.21M","1.15%"
"09/25/2018","1,761.50","1,751.42","1,762.66","1,751.11","154.52M","0.58%"
"09/24/2018","1,751.37","1,755.61","1,759.44","1,750.46","211.81M","-0.24%"
"09/23/2018","1,755.53","1,740.15","1,755.53","1,740.15","134.84M","0.88%"
"09/20/2018","1,740.19","1,767.77","1,778.18","1,739.26","293.17M","-1.58%"
"09/19/2018","1,768.19","1,838.88","1,838.88","1,768.18","262.23M","-3.88%"
"09/18/2018","1,839.60","1,843.64","1,855.32","1,839.60","202.92M","-0.21%"
"09/17/2018","1,843.39","1,864.45","1,864.45","1,840.70","164.53M","-1.13%"
"09/16/2018","1,864.51","1,899.95","1,899.95","1,864.36","244.72M","-1.87%"
"09/13/2018","1,900.13","1,920.52","1,920.58","1,899.89","172.65M","-1.07%"
"09/12/2018","1,920.69","1,944.44","1,944.58","1,920.51","207.23M","-1.22%"
"09/10/2018","1,944.47","1,938.65","1,944.76","1,929.40","173.32M","0.30%"
"09/09/2018","1,938.62","1,937.92","1,940.37","1,934.06","193.41M","0.04%"
"09/06/2018","1,937.88","1,930.68","1,938.13","1,930.68","139.82M","0.40%"
"09/05/2018","1,930.21","1,950.15","1,950.26","1,929.19","188.65M","-1.03%"
"09/04/2018","1,950.23","1,942.44","1,954.94","1,942.44","208.67M","0.42%"
"09/03/2018","1,942.12","1,940.48","1,942.12","1,937.06","218.50M","0.08%"
"09/02/2018","1,940.61","1,936.31","1,940.65","1,932.66","182.79M","0.22%"
"08/30/2018","1,936.41","1,927.09","1,937.71","1,927.09","183.42M","0.49%"
"08/29/2018","1,926.95","1,916.36","1,927.22","1,916.35","266.96M","0.55%"
"08/28/2018","1,916.44","1,896.37","1,917.16","1,896.37","306.16M","1.06%"
"08/27/2018","1,896.25","1,898.95","1,899.45","1,889.89","264.54M","-0.15%"
"08/26/2018","1,899.01","1,896.09","1,902.90","1,896.09","194.72M","0.16%"
"08/19/2018","1,896.03","1,899.30","1,899.44","1,894.12","118.12M","-0.19%"
"08/16/2018","1,899.55","1,904.79","1,906.55","1,899.16","166.47M","-0.28%"
"08/15/2018","1,904.86","1,911.18","1,912.62","1,904.86","169.68M","-0.33%"
"08/14/2018","1,911.08","1,924.76","1,926.94","1,911.08","130.43M","-0.71%"
"08/13/2018","1,924.81","1,941.02","1,941.19","1,924.81","220.88M","-0.77%"
"08/12/2018","1,939.70","1,953.71","1,953.71","1,939.67","160.16M","-0.72%"
"08/09/2018","1,953.73","1,953.85","1,959.29","1,953.71","260.31M","0.02%"
"08/08/2018","1,953.38","1,948.27","1,956.90","1,948.27","240.94M","0.28%"
"08/07/2018","1,947.91","1,935.18","1,947.92","1,935.18","157.97M","0.67%"
"08/06/2018","1,934.98","1,943.08","1,943.22","1,934.92","153.65M","-0.41%"
"08/05/2018","1,943.04","1,942.46","1,947.13","1,941.43","121.37M","0.03%"
"08/02/2018","1,942.46","1,937.87","1,944.60","1,937.87","161.80M","0.24%"
"08/01/2018","1,937.86","1,930.40","1,938.50","1,930.40","157.92M","0.40%"
"07/31/2018","1,930.12","1,916.06","1,930.21","1,915.42","157.58M","0.74%"
"07/30/2018","1,915.98","1,920.09","1,922.57","1,915.24","133.13M","-0.21%"
"07/29/2018","1,920.06","1,896.17","1,920.82","1,896.17","185.27M","1.26%"
"07/26/2018","1,896.13","1,897.40","1,898.50","1,885.66","167.07M","-0.08%"
"07/25/2018","1,897.63","1,929.90","1,931.26","1,897.60","230.05M","-1.67%"
"07/24/2018","1,929.84","1,917.83","1,936.53","1,917.83","176.18M","0.63%"
"07/22/2018","1,917.67","1,927.13","1,928.15","1,917.47","102.93M","-0.50%"
"07/19/2018","1,927.29","1,937.70","1,939.80","1,927.28","111.36M","-0.52%"
"07/18/2018","1,937.44","1,932.60","1,942.64","1,932.50","112.46M","0.28%"
"07/17/2018","1,932.11","1,956.80","1,958.47","1,932.11","116.87M","-1.27%"
"07/16/2018","1,956.91","1,980.61","1,982.15","1,956.84","114.92M","-1.20%"
"07/15/2018","1,980.65","1,990.91","1,995.02","1,980.64","115.33M","-0.47%"
"07/12/2018","1,990.09","1,997.46","2,001.79","1,990.08","131.99M","-0.37%"
"07/11/2018","1,997.39","1,993.54","2,002.36","1,993.54","195.06M","0.20%"
"07/10/2018","1,993.33","1,978.19","1,993.56","1,976.03","214.27M","0.81%"
"07/09/2018","1,977.41","1,993.58","1,993.58","1,951.10","217.13M","-0.83%"
"07/08/2018","1,993.90","2,034.73","2,038.93","1,993.85","261.21M","-2.00%"
"07/05/2018","2,034.54","2,047.76","2,048.84","2,033.59","191.77M","-0.65%"
"07/04/2018","2,047.77","2,065.49","2,069.78","2,047.77","248.53M","-0.81%"
"07/03/2018","2,064.48","2,061.29","2,068.33","2,061.29","369.87M","0.16%"
"07/02/2018","2,061.24","2,069.41","2,070.62","2,058.22","181.80M","-0.04%"
"06/28/2018","2,062.11","2,035.04","2,062.22","2,025.59","196.24M","1.36%"
"06/27/2018","2,034.52","2,030.06","2,034.97","2,028.73","195.10M","0.22%"
"06/26/2018","2,030.10","2,065.87","2,065.99","2,029.85","155.15M","-1.76%"
"06/25/2018","2,066.45","2,065.09","2,083.51","2,064.90","208.46M","0.08%"
"06/24/2018","2,064.85","2,062.81","2,070.04","2,062.81","177.82M","0.10%"
"06/21/2018","2,062.80","2,037.70","2,062.80","2,037.33","167.99M","1.24%"
"06/20/2018","2,037.51","2,042.52","2,043.43","2,032.36","203.55M","-0.25%"
"06/19/2018","2,042.67","2,044.67","2,050.32","2,039.58","179.03M","-0.04%"
"06/14/2018","2,043.53","2,047.30","2,053.57","2,038.70","172.12M","-0.25%"
"06/13/2018","2,048.64","2,036.22","2,051.29","2,034.25","117.80M","0.62%"
"06/12/2018","2,036.09","2,037.69","2,041.04","2,033.93","83.81M","-0.08%"
"06/11/2018","2,037.77","2,057.09","2,057.13","2,037.75","97.54M","-0.95%"
"06/10/2018","2,057.25","2,038.12","2,057.44","2,038.07","88.87M","0.95%"
"06/07/2018","2,037.94","2,053.21","2,053.21","2,035.74","162.67M","-0.74%"
"06/06/2018","2,053.18","2,085.09","2,096.23","2,053.17","176.76M","-1.53%"
"06/05/2018","2,085.01","2,120.04","2,120.83","2,073.14","154.77M","-1.65%"
"06/04/2018","2,120.09","2,154.80","2,157.74","2,120.09","151.34M","-1.61%"
"06/03/2018","2,154.78","2,138.22","2,159.05","2,138.22","126.89M","0.77%"
"05/31/2018","2,138.24","2,159.28","2,159.47","2,126.03","333.36M","-0.98%"
"05/30/2018","2,159.33","2,183.69","2,185.09","2,159.33","167.57M","-1.12%"
"05/29/2018","2,183.77","2,177.23","2,190.00","2,177.21","129.09M","0.25%"
"05/28/2018","2,178.22","2,171.46","2,179.44","2,171.46","134.86M","0.02%"
"05/27/2018","2,177.80","2,179.26","2,184.56","2,176.68","92.52M","-0.07%"
"05/24/2018","2,179.27","2,188.96","2,193.06","2,179.13","105.66M","-0.45%"
"05/23/2018","2,189.18","2,189.42","2,195.21","2,188.93","134.38M","0.01%"
"05/22/2018","2,188.86","2,196.96","2,203.07","2,188.86","157.12M","-0.34%"
"05/21/2018","2,196.23","2,187.52","2,200.30","2,187.52","138.46M","0.59%"
"05/20/2018","2,183.25","2,181.48","2,186.06","2,177.02","153.58M","0.08%"
"05/17/2018","2,181.45","2,179.07","2,190.60","2,178.90","110.05M","0.13%"
"05/16/2018","2,178.52","2,189.71","2,190.71","2,172.29","221.90M","-0.50%"
"05/15/2018","2,189.36","2,198.86","2,208.55","2,189.36","248.73M","0.14%"
"05/14/2018","2,186.24","2,199.50","2,209.10","2,186.00","255.63M","-0.59%"
"05/13/2018","2,199.28","2,195.74","2,213.87","2,195.74","213.88M","0.16%"
"05/10/2018","2,195.71","2,224.73","2,224.96","2,192.19","307.80M","-1.32%"
"05/09/2018","2,225.04","2,270.92","2,275.01","2,225.04","265.29M","-1.99%"
"05/08/2018","2,270.15","2,261.04","2,280.55","2,261.04","243.85M","0.41%"
"05/07/2018","2,260.85","2,280.89","2,282.02","2,260.83","149.90M","-0.89%"
"05/06/2018","2,281.14","2,293.57","2,302.63","2,281.14","222.74M","-0.52%"
"05/03/2018","2,293.04","2,322.45","2,322.75","2,293.03","215.49M","-1.18%"
"05/02/2018","2,320.37","2,309.69","2,327.40","2,309.69","202.30M","0.59%"
"04/30/2018","2,306.76","2,295.25","2,310.61","2,295.25","319.37M","0.51%"
"04/29/2018","2,294.99","2,292.89","2,297.10","2,291.08","316.06M","0.15%"
"04/26/2018","2,291.52","2,286.16","2,293.07","2,284.24","294.43M","1.10%"
"04/24/2018","2,266.53","2,273.36","2,277.85","2,266.53","326.75M","-0.29%"
"04/23/2018","2,273.15","2,273.37","2,279.67","2,273.03","361.86M","-0.04%"
"04/22/2018","2,273.97","2,272.63","2,287.50","2,272.63","486.50M","0.04%"
"04/19/2018","2,273.10","2,259.27","2,276.35","2,257.23","256.76M","0.77%"
"04/18/2018","2,255.74","2,265.33","2,268.66","2,255.45","284.07M","-0.40%"
"04/17/2018","2,264.77","2,260.41","2,270.28","2,260.41","281.64M","0.15%"
"04/16/2018","2,261.41","2,254.93","2,266.44","2,254.93","257.10M","0.28%"
"04/15/2018","2,255.08","2,263.01","2,265.37","2,255.08","211.52M","-0.34%"
"04/12/2018","2,262.76","2,273.68","2,273.68","2,249.28","333.58M","-0.48%"
"04/11/2018","2,273.67","2,265.32","2,285.81","2,265.32","533.59M","0.61%"
"04/10/2018","2,259.86","2,240.39","2,260.27","2,240.39","261.64M","0.95%"
"04/05/2018","2,238.57","2,253.12","2,257.00","2,234.33","386.23M","-0.58%"
"04/04/2018","2,251.72","2,258.62","2,280.15","2,251.72","765.78M","-0.23%"
"04/03/2018","2,257.01","2,252.93","2,261.62","2,243.75","676.28M","0.23%"
"04/02/2018","2,251.72","2,258.90","2,267.21","2,251.72","724.76M","-0.23%"
"04/01/2018","2,257.00","2,240.83","2,259.76","2,240.83","646.36M","0.84%"
"03/29/2018","2,238.27","2,221.77","2,239.35","2,217.75","891.78M","0.79%"
"03/28/2018","2,220.80","2,238.97","2,242.21","2,220.80","711.95M","-0.75%"
"03/27/2018","2,237.65","2,234.76","2,244.04","2,234.76","691.60M","0.42%"
"03/26/2018","2,228.23","2,232.12","2,244.74","2,228.23","428.74M","-0.04%"
"03/25/2018","2,229.16","2,250.39","2,250.39","2,229.15","442.44M","-1.00%"
"03/22/2018","2,251.61","2,262.35","2,264.53","2,251.00","536.88M","-0.43%"
"03/21/2018","2,261.31","2,267.94","2,279.50","2,260.94","396.28M","-0.16%"
"03/20/2018","2,264.88","2,267.41","2,272.76","2,264.88","351.69M","-0.07%"
"03/19/2018","2,266.57","2,276.03","2,280.49","2,266.52","319.69M","-0.29%"
"03/18/2018","2,273.06","2,272.60","2,284.28","2,272.60","575.60M","0.05%"
"03/15/2018","2,271.89","2,267.47","2,274.65","2,253.59","409.53M","0.18%"
"03/14/2018","2,267.75","2,291.28","2,305.17","2,267.75","258.91M","-0.60%"
"03/13/2018","2,281.49","2,243.43","2,288.90","2,243.43","393.40M","1.75%"
"03/12/2018","2,242.18","2,217.31","2,245.51","2,217.31","496.31M","1.11%"
"03/11/2018","2,217.46","2,243.45","2,249.23","2,217.34","319.22M","-1.16%"
"03/08/2018","2,243.43","2,212.37","2,244.24","2,211.67","252.84M","1.47%"
"03/07/2018","2,211.00","2,164.70","2,215.31","2,164.70","320.03M","2.18%"
"03/06/2018","2,163.73","2,136.60","2,163.80","2,136.60","306.24M","1.50%"
"03/05/2018","2,131.84","2,109.15","2,134.13","2,109.15","198.03M","1.12%"
"03/04/2018","2,108.16","2,106.72","2,110.51","2,102.86","154.07M","0.10%"
"03/01/2018","2,106.09","2,108.30","2,113.68","2,105.96","183.86M","-0.06%"
"02/28/2018","2,107.30","2,133.54","2,148.53","2,107.13","227.84M","0.15%"
"02/27/2018","2,104.14","2,086.11","2,105.88","2,086.11","231.85M","0.94%"
"02/26/2018","2,084.57","2,080.67","2,088.34","2,076.56","239.94M","0.27%"
"02/25/2018","2,079.00","2,047.95","2,089.12","2,047.95","329.29M","1.55%"
"02/22/2018","2,047.29","2,048.09","2,053.93","2,043.55","311.60M","0.01%"
"02/21/2018","2,047.09","2,047.09","2,059.79","2,046.92","284.34M","0.00%"
"02/20/2018","2,047.06","2,035.17","2,048.07","2,035.17","261.30M","0.60%"
"02/19/2018","2,034.80","2,034.35","2,041.79","2,034.35","251.28M","0.03%"
"02/18/2018","2,034.27","2,036.88","2,049.38","2,034.27","317.40M","0.08%"
"02/15/2018","2,032.61","2,025.25","2,038.18","2,025.25","280.13M","0.38%"
"02/14/2018","2,025.01","2,027.93","2,030.48","2,024.17","243.53M","-0.13%"
"02/13/2018","2,027.62","2,027.28","2,045.59","2,026.72","230.25M","0.04%"
"02/12/2018","2,026.75","2,014.05","2,034.50","2,014.05","235.94M","0.63%"
"02/11/2018","2,013.97","2,025.87","2,028.93","2,010.26","178.08M","-0.59%"
"02/08/2018","2,025.92","2,038.17","2,040.39","2,025.92","193.75M","-0.61%"
"02/07/2018","2,038.34","2,019.16","2,046.04","2,019.16","207.22M","1.40%"
"02/06/2018","2,010.22","2,013.11","2,013.11","1,990.73","260.97M","-1.99%"
"02/05/2018","2,051.08","2,042.22","2,056.63","2,042.21","231.24M","0.50%"
"02/04/2018","2,040.78","2,055.31","2,055.52","2,033.51","156.34M","-0.80%"
"02/01/2018","2,057.31","2,043.85","2,058.12","2,043.47","164.56M","0.75%"
"01/31/2018","2,041.95","2,065.04","2,067.25","2,041.90","235.53M","-1.19%"
"01/30/2018","2,066.50","2,044.71","2,068.76","2,044.71","226.16M","1.17%"
"01/29/2018","2,042.60","2,031.34","2,046.08","2,030.86","241.33M","0.59%"
"01/28/2018","2,030.59","2,018.91","2,033.29","2,018.91","244.02M","0.69%"
"01/24/2018","2,016.75","2,013.72","2,019.23","2,010.65","170.10M","0.15%"
"01/23/2018","2,013.76","2,013.05","2,018.49","2,013.00","180.99M","0.04%"
"01/22/2018","2,012.96","2,024.90","2,030.94","2,012.96","383.71M","-0.54%"
"01/21/2018","2,023.87","2,037.53","2,042.56","2,023.87","306.94M","-0.65%"
"01/18/2018","2,037.02","2,020.19","2,040.58","2,020.19","386.34M","0.88%"
"01/17/2018","2,019.34","2,005.08","2,020.36","2,005.08","333.21M","0.70%"
"01/16/2018","2,005.22","1,994.60","2,008.31","1,993.46","194.22M","0.53%"
"01/15/2018","1,994.58","2,009.06","2,009.37","1,994.57","261.03M","-0.70%"
"01/14/2018","2,008.65","2,017.22","2,022.90","2,008.65","363.08M","-0.38%"
"01/11/2018","2,016.30","1,992.60","2,017.63","1,992.60","246.46M","1.23%"
"01/10/2018","1,991.86","1,982.54","1,996.46","1,981.02","234.77M","0.50%"
"01/09/2018","1,982.00","1,977.82","1,989.55","1,977.82","384.14M","0.25%"
"01/08/2018","1,977.08","1,970.14","1,982.55","1,970.14","223.11M","0.35%"
"01/04/2018","1,970.28","1,974.47","1,980.49","1,970.26","174.27M","-0.22%"
"01/03/2018","1,974.55","1,982.39","1,984.04","1,974.55","189.15M","-0.39%"
"01/02/2018","1,982.32","1,971.72","1,994.06","1,971.72","186.46M","0.54%"
"12/31/2017","1,971.76","1,960.65","1,972.06","1,958.90","106.57M","0.59%"
"12/28/2017","1,960.27","1,962.89","1,964.44","1,958.41","147.25M","-0.05%"
"12/27/2017","1,961.26","1,963.23","1,965.54","1,961.24","137.57M","-0.02%"
"12/26/2017","1,961.62","1,956.20","1,968.25","1,955.67","116.48M","0.30%"
"12/25/2017","1,955.78","1,936.43","1,962.21","1,936.43","137.19M","1.01%"
"12/24/2017","1,936.32","1,943.62","1,943.63","1,932.22","113.05M","-0.38%"
"12/21/2017","1,943.65","1,947.18","1,951.81","1,942.05","134.46M","-0.18%"
"12/20/2017","1,947.19","1,958.18","1,961.33","1,947.19","168.55M","-0.76%"
"12/19/2017","1,962.16","1,960.97","1,978.52","1,960.97","183.20M","0.33%"
"12/18/2017","1,955.63","1,924.77","1,956.36","1,924.77","166.55M","1.65%"
"12/17/2017","1,923.96","1,902.59","1,929.29","1,902.59","229.85M","1.13%"
"12/14/2017","1,902.53","1,872.50","1,911.09","1,872.50","248.17M","1.61%"
"12/13/2017","1,872.32","1,864.78","1,876.56","1,864.78","160.93M","0.41%"
"12/12/2017","1,864.61","1,849.46","1,866.82","1,849.46","225.93M","0.89%"
"12/11/2017","1,848.13","1,835.54","1,848.30","1,835.51","164.24M","0.79%"
"12/10/2017","1,833.59","1,811.64","1,835.02","1,811.64","190.94M","1.26%"
"12/07/2017","1,810.81","1,816.83","1,816.83","1,807.26","174.20M","-0.32%"
"12/06/2017","1,816.67","1,830.42","1,831.67","1,816.67","227.53M","-0.73%"
"12/05/2017","1,830.09","1,838.48","1,838.65","1,828.81","214.66M","-0.64%"
"12/04/2017","1,841.90","1,862.13","1,862.95","1,841.82","240.30M","-1.04%"
"12/03/2017","1,861.24","1,855.06","1,863.39","1,855.06","298.32M","0.49%"
"11/29/2017","1,852.16","1,860.20","1,866.26","1,852.15","304.92M","-0.39%"
"11/28/2017","1,859.43","1,819.60","1,862.27","1,819.60","369.04M","2.26%"
"11/27/2017","1,818.39","1,808.31","1,818.42","1,806.34","288.38M","0.66%"
"11/26/2017","1,806.55","1,785.17","1,811.28","1,785.01","219.42M","1.14%"
"11/23/2017","1,786.11","1,742.47","1,788.80","1,742.47","297.60M","2.72%"
"11/22/2017","1,738.79","1,717.40","1,738.79","1,717.40","225.49M","1.81%"
"11/21/2017","1,707.87","1,706.34","1,715.99","1,706.34","222.88M","0.14%"
"11/20/2017","1,705.52","1,715.48","1,716.38","1,705.37","228.38M","-0.58%"
"11/19/2017","1,715.46","1,731.95","1,736.83","1,715.46","208.44M","-0.95%"
"11/16/2017","1,731.95","1,745.44","1,745.45","1,731.93","197.45M","-0.78%"
"11/15/2017","1,745.64","1,746.60","1,757.56","1,745.64","267.69M","-0.05%"
"11/14/2017","1,746.46","1,748.09","1,751.79","1,746.44","277.18M","0.16%"
"11/13/2017","1,743.70","1,759.47","1,759.47","1,743.68","244.27M","-0.88%"
"11/12/2017","1,759.21","1,774.56","1,782.33","1,759.21","229.74M","-0.81%"
"11/09/2017","1,773.55","1,756.83","1,779.23","1,756.83","398.23M","0.99%"
"11/08/2017","1,756.24","1,746.91","1,756.45","1,746.18","422.31M","0.67%"
"11/07/2017","1,744.57","1,758.21","1,758.21","1,741.09","321.17M","-0.43%"
"11/06/2017","1,752.12","1,764.00","1,771.12","1,752.12","425.82M","-0.71%"
"11/05/2017","1,764.60","1,775.05","1,775.05","1,758.62","297.04M","-0.67%"
"11/02/2017","1,776.59","1,767.48","1,782.45","1,767.48","442.26M","0.68%"
"11/01/2017","1,764.67","1,770.80","1,774.69","1,764.66","418.21M","-0.20%"
"10/31/2017","1,768.24","1,756.47","1,768.54","1,756.47","533.55M","0.73%"
"10/30/2017","1,755.41","1,748.65","1,755.73","1,745.53","470.10M","0.52%"
"10/29/2017","1,746.36","1,742.91","1,750.89","1,742.91","281.04M","0.39%"
"10/26/2017","1,739.66","1,740.42","1,751.18","1,739.06","437.88M","0.23%"
"10/25/2017","1,735.60","1,737.11","1,737.67","1,727.90","343.66M","-0.09%"
"10/24/2017","1,737.15","1,751.83","1,751.83","1,737.15","468.88M","-0.79%"
"10/23/2017","1,751.04","1,755.12","1,758.48","1,751.04","445.36M","0.00%"
"10/22/2017","1,751.00","1,741.61","1,755.11","1,735.61","276.40M","0.38%"
"10/19/2017","1,744.45","1,764.16","1,767.48","1,743.75","457.86M","-1.08%"
"10/18/2017","1,763.41","1,783.48","1,799.84","1,763.41","505.38M","-0.87%"
"10/17/2017","1,778.96","1,782.97","1,786.91","1,776.51","368.84M","-0.32%"
"10/16/2017","1,784.76","1,817.05","1,827.30","1,784.76","530.88M","-1.85%"
"10/15/2017","1,818.31","1,809.20","1,826.78","1,809.20","307.27M","0.49%"
"10/12/2017","1,809.36","1,793.24","1,810.30","1,790.44","327.36M","0.92%"
"10/11/2017","1,792.80","1,786.96","1,799.49","1,786.68","621.39M","0.41%"
"10/10/2017","1,785.40","1,789.31","1,791.72","1,775.63","375.77M","-0.20%"
"10/09/2017","1,788.91","1,809.34","1,816.60","1,788.91","430.28M","-1.01%"
"10/08/2017","1,807.17","1,796.02","1,809.82","1,792.73","386.13M","1.04%"
"10/04/2017","1,788.63","1,774.63","1,789.21","1,774.63","307.41M","1.14%"
"10/03/2017","1,768.42","1,762.35","1,769.98","1,759.08","331.73M","0.34%"
"10/02/2017","1,762.49","1,742.80","1,776.33","1,742.80","377.33M","1.19%"
"10/01/2017","1,741.71","1,727.29","1,741.77","1,725.86","327.20M","1.04%"
"09/28/2017","1,723.81","1,697.61","1,724.01","1,697.61","750.95M","1.51%"
"09/27/2017","1,698.23","1,708.16","1,708.36","1,694.43","580.80M","-0.56%"
"09/26/2017","1,707.85","1,704.41","1,723.47","1,704.41","605.24M","0.24%"
"09/25/2017","1,703.74","1,705.41","1,711.92","1,703.22","386.50M","-0.01%"
"09/24/2017","1,703.90","1,698.41","1,707.14","1,698.41","233.78M","0.71%"
"09/20/2017","1,691.81","1,674.38","1,693.15","1,674.38","341.66M","1.27%"
"09/19/2017","1,670.59","1,652.69","1,673.82","1,652.64","352.64M","1.14%"
"09/18/2017","1,651.78","1,658.91","1,659.83","1,650.78","453.25M","-0.20%"
"09/17/2017","1,655.14","1,653.56","1,662.08","1,653.56","496.49M","0.19%"
"09/14/2017","1,652.01","1,637.73","1,660.48","1,637.73","422.17M","0.83%"
"09/13/2017","1,638.42","1,618.79","1,642.42","1,618.79","348.64M","1.22%"
"09/12/2017","1,618.63","1,602.56","1,620.45","1,600.82","568.70M","0.95%"
"09/11/2017","1,603.39","1,575.35","1,603.51","1,575.35","448.33M","1.62%"
"09/10/2017","1,577.83","1,564.69","1,577.95","1,564.69","518.47M","0.84%"
"09/07/2017","1,564.69","1,557.54","1,566.76","1,556.79","489.94M","0.46%"
"09/06/2017","1,557.49","1,564.20","1,568.96","1,557.49","346.44M","-0.42%"
"09/05/2017","1,564.00","1,564.85","1,566.85","1,562.62","202.68M","-0.06%"
"08/30/2017","1,564.95","1,560.56","1,570.48","1,560.56","318.38M","0.40%"
"08/29/2017","1,558.67","1,566.33","1,566.44","1,557.92","187.91M","-0.30%"
"08/28/2017","1,563.38","1,574.84","1,576.63","1,563.33","259.63M","-0.27%"
"08/27/2017","1,567.67","1,561.93","1,571.22","1,561.84","97.97M","0.81%"
"08/24/2017","1,555.13","1,551.83","1,565.66","1,551.83","137.67M","0.21%"
"08/23/2017","1,551.81","1,550.43","1,559.95","1,549.75","174.07M","0.08%"
"08/22/2017","1,550.62","1,544.63","1,553.66","1,544.61","136.56M","0.38%"
"08/21/2017","1,544.68","1,547.62","1,550.82","1,543.45","198.13M","-0.19%"
"08/20/2017","1,547.57","1,573.36","1,589.10","1,547.57","123.96M","-1.64%"
"08/17/2017","1,573.33","1,574.90","1,583.32","1,572.62","147.51M","0.13%"
"08/16/2017","1,571.23","1,562.75","1,573.03","1,562.18","147.09M","1.18%"
"08/15/2017","1,552.88","1,579.40","1,583.19","1,552.83","270.52M","-1.64%"
"08/14/2017","1,578.80","1,602.38","1,605.72","1,578.77","196.57M","-1.37%"
"08/13/2017","1,600.67","1,612.43","1,617.81","1,600.67","222.44M","-0.72%"
"08/10/2017","1,612.26","1,624.25","1,630.17","1,611.77","235.63M","-0.42%"
"08/09/2017","1,619.09","1,616.90","1,622.93","1,615.65","301.57M","0.18%"
"08/08/2017","1,616.22","1,612.66","1,620.61","1,612.63","289.04M","0.24%"
"08/07/2017","1,612.36","1,612.31","1,620.75","1,612.18","257.00M","0.00%"
"08/06/2017","1,612.33","1,607.23","1,623.35","1,606.21","227.04M","0.36%"
"08/03/2017","1,606.60","1,606.94","1,613.70","1,605.78","223.99M","0.17%"
"08/02/2017","1,603.95","1,592.99","1,607.90","1,592.94","237.02M","0.69%"
"08/01/2017","1,592.93","1,589.15","1,600.08","1,589.15","205.08M","0.29%"
"07/31/2017","1,588.34","1,591.07","1,603.07","1,588.34","232.92M","-0.17%"
"07/30/2017","1,591.04","1,606.85","1,609.13","1,591.04","269.87M","-0.28%"
"07/27/2017","1,595.44","1,611.14","1,611.71","1,594.88","289.13M","-0.27%"
"07/26/2017","1,599.71","1,602.32","1,614.40","1,599.69","350.06M","-0.13%"
"07/25/2017","1,601.73","1,595.49","1,602.52","1,595.49","313.46M","0.46%"
"07/24/2017","1,594.41","1,565.90","1,594.48","1,564.42","186.88M","2.55%"
"07/20/2017","1,554.77","1,543.23","1,557.21","1,543.23","403.65M","0.75%"
"07/19/2017","1,543.15","1,544.62","1,550.62","1,543.04","259.00M","-0.10%"
"07/18/2017","1,544.62","1,569.51","1,572.09","1,544.62","408.34M","-1.58%"
"07/17/2017","1,569.44","1,571.57","1,578.56","1,567.27","326.39M","-0.09%"
"07/16/2017","1,570.80","1,571.15","1,575.00","1,569.59","254.93M","-0.01%"
"07/13/2017","1,570.96","1,574.49","1,578.03","1,570.52","360.26M","-0.21%"
"07/12/2017","1,574.28","1,575.26","1,575.67","1,568.94","456.03M","-0.03%"
"07/11/2017","1,574.83","1,567.66","1,576.24","1,565.66","512.74M","0.53%"
"07/10/2017","1,566.45","1,554.28","1,571.98","1,554.28","339.89M","0.75%"
"07/09/2017","1,554.75","1,546.45","1,560.46","1,545.03","189.82M","0.54%"
"07/06/2017","1,546.45","1,536.24","1,547.26","1,536.24","207.95M","0.67%"
"07/05/2017","1,536.23","1,526.79","1,542.06","1,526.03","270.51M","0.62%"
"07/04/2017","1,526.79","1,515.01","1,537.14","1,514.91","235.60M","0.77%"
"07/03/2017","1,515.19","1,520.79","1,523.02","1,507.27","224.72M","-0.28%"
"07/02/2017","1,519.38","1,508.98","1,521.22","1,508.30","137.63M","0.67%"
"06/28/2017","1,509.24","1,498.58","1,511.56","1,495.04","170.56M","0.76%"
"06/22/2017","1,497.83","1,489.92","1,500.50","1,489.92","187.91M","0.53%"
"06/21/2017","1,489.94","1,473.28","1,490.20","1,473.28","127.00M","1.16%"
"06/20/2017","1,472.86","1,472.32","1,482.87","1,472.32","143.40M","0.01%"
"06/19/2017","1,472.67","1,466.91","1,472.75","1,465.44","229.74M","0.38%"
"06/18/2017","1,467.12","1,459.79","1,470.87","1,459.68","275.90M","0.51%"
"06/15/2017","1,459.68","1,451.16","1,462.91","1,451.16","491.61M","0.59%"
"06/14/2017","1,451.15","1,441.86","1,451.64","1,441.86","242.53M","0.65%"
"06/13/2017","1,441.73","1,439.54","1,450.43","1,439.34","349.34M","0.15%"
"06/12/2017","1,439.56","1,435.28","1,440.33","1,435.28","415.63M","0.31%"
"06/11/2017","1,435.14","1,435.71","1,440.20","1,435.07","386.11M","-0.04%"
"06/08/2017","1,435.73","1,429.25","1,440.93","1,425.52","261.95M","0.46%"
"06/07/2017","1,429.17","1,409.64","1,432.79","1,409.24","302.78M","1.49%"
"06/06/2017","1,408.20","1,402.25","1,410.23","1,402.25","317.53M","0.43%"
"06/05/2017","1,402.16","1,397.08","1,402.32","1,395.95","197.68M","0.38%"
"06/04/2017","1,396.92","1,369.22","1,397.06","1,369.22","152.86M","2.03%"
"06/01/2017","1,369.13","1,364.35","1,370.72","1,364.24","215.77M","0.37%"
"05/31/2017","1,364.04","1,367.41","1,367.96","1,362.10","350.88M","-0.42%"
"05/30/2017","1,369.86","1,369.49","1,371.16","1,368.99","375.93M","0.15%"
"05/29/2017","1,367.77","1,368.79","1,374.50","1,367.77","310.64M","-0.06%"
"05/28/2017","1,368.54","1,385.35","1,387.21","1,368.50","258.60M","-1.21%"
"05/25/2017","1,385.37","1,373.91","1,386.36","1,373.91","330.19M","0.94%"
"05/24/2017","1,372.47","1,363.42","1,374.88","1,363.42","363.10M","0.68%"
"05/23/2017","1,363.14","1,356.55","1,363.14","1,356.36","438.24M","0.48%"
"05/22/2017","1,356.60","1,378.38","1,378.38","1,356.60","479.44M","-1.81%"
"05/21/2017","1,381.58","1,380.43","1,381.97","1,379.65","185.65M","0.08%"
"05/18/2017","1,380.54","1,384.96","1,388.30","1,380.54","209.84M","-0.32%"
"05/17/2017","1,385.03","1,376.68","1,385.41","1,376.68","371.51M","0.62%"
"05/16/2017","1,376.47","1,367.70","1,378.43","1,367.15","554.47M","0.63%"
"05/15/2017","1,367.82","1,360.31","1,369.49","1,360.31","297.11M","0.56%"
"05/14/2017","1,360.26","1,360.41","1,363.13","1,360.02","108.22M","0.00%"
"05/11/2017","1,360.22","1,370.04","1,371.34","1,360.22","202.48M","-0.64%"
"05/10/2017","1,369.01","1,373.04","1,378.87","1,369.01","345.52M","-0.29%"
"05/09/2017","1,372.97","1,374.79","1,378.97","1,372.97","353.49M","-0.12%"
"05/08/2017","1,374.67","1,370.31","1,377.10","1,370.31","283.30M","0.38%"
"05/07/2017","1,369.40","1,360.99","1,369.64","1,360.99","379.15M","0.69%"
"05/04/2017","1,360.08","1,345.73","1,360.69","1,345.73","168.48M","1.07%"
"05/03/2017","1,345.68","1,346.14","1,346.53","1,342.83","161.49M","-0.06%"
"05/02/2017","1,346.52","1,340.45","1,349.21","1,340.45","140.09M","0.46%"
"04/30/2017","1,340.29","1,350.65","1,350.88","1,335.61","196.36M","-0.85%"
"04/27/2017","1,351.78","1,353.91","1,363.84","1,351.76","181.11M","-0.13%"
"04/26/2017","1,353.53","1,348.24","1,359.64","1,348.24","140.74M","0.48%"
"04/24/2017","1,347.01","1,349.15","1,351.03","1,347.00","131.47M","-0.19%"
"04/23/2017","1,349.63","1,366.77","1,370.30","1,349.25","216.21M","-1.24%"
"04/20/2017","1,366.57","1,362.47","1,370.82","1,360.77","146.35M","0.31%"
"04/19/2017","1,362.38","1,371.51","1,371.53","1,362.03","133.45M","-0.68%"
"04/18/2017","1,371.68","1,361.88","1,377.95","1,361.88","177.32M","0.79%"
"04/13/2017","1,360.98","1,358.86","1,361.72","1,355.37","109.73M","-0.05%"
"04/12/2017","1,361.69","1,374.98","1,375.53","1,361.69","153.71M","-0.79%"
"04/11/2017","1,372.51","1,359.54","1,373.72","1,359.54","166.70M","1.08%"
"04/10/2017","1,357.84","1,349.30","1,357.91","1,346.96","174.54M","0.63%"
"04/09/2017","1,349.29","1,354.65","1,358.30","1,349.29","221.84M","-0.26%"
"04/06/2017","1,352.86","1,349.45","1,355.33","1,347.92","165.55M","0.23%"
"04/05/2017","1,349.73","1,347.85","1,357.79","1,347.85","275.63M","0.13%"
"04/04/2017","1,348.01","1,335.96","1,348.90","1,335.96","325.21M","1.04%"
"04/03/2017","1,334.18","1,333.37","1,338.62","1,333.37","189.44M","0.14%"
"04/02/2017","1,332.27","1,328.54","1,332.39","1,328.54","143.39M","0.34%"
"03/30/2017","1,327.74","1,320.19","1,328.07","1,319.71","188.37M","0.59%"
"03/29/2017","1,320.01","1,307.67","1,320.87","1,307.67","180.83M","1.04%"
"03/28/2017","1,306.43","1,299.43","1,306.59","1,298.33","205.22M","0.50%"
"03/27/2017","1,299.95","1,309.17","1,310.17","1,299.95","231.12M","-0.60%"
"03/26/2017","1,307.74","1,309.00","1,315.88","1,306.74","291.96M","-0.17%"
"03/23/2017","1,309.99","1,295.41","1,313.86","1,295.40","322.40M","1.25%"
"03/22/2017","1,293.84","1,284.90","1,295.90","1,284.05","180.39M","0.91%"
"03/21/2017","1,282.17","1,253.63","1,282.19","1,253.63","194.49M","2.29%"
"03/20/2017","1,253.52","1,267.56","1,267.80","1,253.52","387.76M","-1.09%"
"03/19/2017","1,267.32","1,262.31","1,270.72","1,262.31","313.48M","0.57%"
"03/16/2017","1,260.12","1,242.85","1,260.66","1,242.85","306.83M","1.54%"
"03/15/2017","1,241.01","1,238.96","1,242.28","1,238.87","241.11M","0.29%"
"03/14/2017","1,237.38","1,244.01","1,244.54","1,237.38","193.87M","-0.46%"
"03/13/2017","1,243.07","1,241.19","1,248.30","1,241.19","189.51M","0.27%"
"03/12/2017","1,239.74","1,235.32","1,241.63","1,234.19","157.73M","0.39%"
"03/09/2017","1,234.96","1,228.28","1,236.87","1,228.25","222.46M","0.85%"
"03/08/2017","1,224.52","1,197.15","1,224.52","1,196.72","227.75M","2.44%"
"03/07/2017","1,195.33","1,188.88","1,200.30","1,188.88","348.63M","0.68%"
"03/06/2017","1,187.20","1,185.96","1,188.41","1,182.10","214.40M","0.15%"
"03/05/2017","1,185.38","1,152.44","1,185.75","1,152.44","186.78M","2.91%"
"03/02/2017","1,151.87","1,138.75","1,151.87","1,138.75","250.93M","1.22%"
"03/01/2017","1,138.00","1,140.74","1,147.20","1,138.00","151.94M","-0.24%"
"02/28/2017","1,140.77","1,143.25","1,143.25","1,136.38","250.23M","-0.50%"
"02/27/2017","1,146.50","1,162.28","1,162.28","1,146.50","202.86M","-1.33%"
"02/26/2017","1,162.01","1,163.86","1,171.31","1,162.00","170.69M","-0.11%"
"02/23/2017","1,163.29","1,193.45","1,196.97","1,163.29","354.78M","-2.49%"
"02/22/2017","1,193.02","1,197.32","1,197.61","1,193.01","297.30M","0.15%"
"02/21/2017","1,191.25","1,180.33","1,191.97","1,180.33","442.43M","0.96%"
"02/20/2017","1,179.96","1,187.87","1,188.15","1,178.87","241.11M","-0.74%"
"02/19/2017","1,188.78","1,219.55","1,223.21","1,188.78","203.32M","-2.57%"
"02/16/2017","1,220.19","1,209.52","1,220.90","1,206.80","200.92M","0.88%"
"02/15/2017","1,209.57","1,214.44","1,214.44","1,205.39","204.83M","-0.56%"
"02/14/2017","1,216.38","1,231.11","1,235.37","1,216.38","202.71M","-1.22%"
"02/13/2017","1,231.35","1,247.35","1,247.39","1,230.23","222.78M","-1.33%"
"02/12/2017","1,248.01","1,258.49","1,261.58","1,248.00","170.14M","-0.87%"
"02/09/2017","1,258.97","1,261.81","1,265.70","1,257.84","210.75M","-0.26%"
"02/08/2017","1,262.23","1,260.88","1,276.12","1,260.88","289.12M","0.21%"
"02/07/2017","1,259.54","1,249.34","1,259.54","1,249.13","287.07M","1.21%"
"02/06/2017","1,244.51","1,235.63","1,247.67","1,235.09","261.28M","1.57%"
"02/05/2017","1,225.26","1,208.59","1,227.17","1,208.59","221.28M","1.86%"
"02/02/2017","1,202.88","1,178.38","1,202.88","1,178.38","221.97M","2.28%"
"02/01/2017","1,176.03","1,158.56","1,177.53","1,158.56","246.34M","1.57%"
"01/31/2017","1,157.90","1,168.52","1,168.52","1,150.10","305.11M","-0.97%"
"01/30/2017","1,169.26","1,184.27","1,184.59","1,169.26","394.53M","-1.27%"
"01/29/2017","1,184.32","1,180.67","1,189.10","1,180.67","388.54M","0.31%"
"01/26/2017","1,180.63","1,159.98","1,180.63","1,159.98","352.60M","1.99%"
"01/24/2017","1,157.64","1,157.60","1,159.04","1,151.31","253.35M","0.09%"
"01/23/2017","1,156.64","1,132.92","1,158.48","1,132.92","319.12M","2.19%"
"01/22/2017","1,131.85","1,127.24","1,131.85","1,122.05","283.36M","0.37%"
"01/19/2017","1,127.67","1,160.05","1,160.05","1,125.27","459.75M","-2.99%"
"01/18/2017","1,162.42","1,170.18","1,177.17","1,162.42","631.18M","-0.61%"
"01/17/2017","1,169.56","1,160.11","1,170.03","1,160.11","528.24M","0.94%"
"01/16/2017","1,158.71","1,156.51","1,158.77","1,148.05","461.21M","0.29%"
"01/15/2017","1,155.37","1,156.90","1,164.08","1,155.37","602.82M","0.09%"
"01/12/2017","1,154.37","1,136.97","1,154.66","1,136.97","514.80M","1.67%"
"01/11/2017","1,135.46","1,121.84","1,135.75","1,120.84","363.76M","1.29%"
"01/10/2017","1,121.04","1,106.55","1,122.16","1,106.14","462.54M","1.51%"
"01/09/2017","1,104.36","1,113.74","1,113.74","1,104.21","531.28M","-0.85%"
"01/08/2017","1,113.80","1,113.91","1,119.32","1,113.80","769.18M","0.07%"
"01/05/2017","1,113.04","1,111.13","1,113.67","1,111.13","820.63M","0.18%"
"01/04/2017","1,111.04","1,106.62","1,113.45","1,106.62","470.08M","0.50%"
"01/03/2017","1,105.56","1,099.31","1,106.40","1,098.76","346.18M","0.56%"
"01/02/2017","1,099.36","1,094.07","1,102.50","1,094.07","361.03M","0.31%"
"12/29/2016","1,096.00","1,095.31","1,099.80","1,092.16","427.32M","0.13%"
"12/28/2016","1,094.61","1,098.88","1,102.74","1,094.07","333.41M","-0.36%"
"12/27/2016","1,098.58","1,090.53","1,101.40","1,090.53","616.79M","0.84%"
"12/26/2016","1,089.42","1,085.86","1,090.73","1,084.06","331.43M","0.46%"
"12/25/2016","1,084.41","1,101.12","1,102.31","1,084.27","245.25M","-1.42%"
"12/22/2016","1,100.06","1,097.54","1,106.26","1,097.54","609.42M","0.25%"
"12/21/2016","1,097.32","1,096.61","1,098.28","1,095.00","639.50M","0.33%"
"12/20/2016","1,093.74","1,089.95","1,099.26","1,089.95","571.83M","1.01%"
"12/19/2016","1,082.80","1,069.90","1,082.81","1,069.72","733.80M","1.27%"
"12/18/2016","1,069.23","1,065.69","1,073.17","1,065.69","224.76M","0.46%"
"12/15/2016","1,064.36","1,063.25","1,067.67","1,063.25","307.73M","0.14%"
"12/14/2016","1,062.87","1,064.08","1,066.65","1,062.81","349.75M","-0.08%"
"12/13/2016","1,063.71","1,065.72","1,070.92","1,063.56","338.83M","-0.13%"
"12/12/2016","1,065.12","1,061.35","1,065.24","1,055.81","397.11M","0.43%"
"12/08/2016","1,060.51","1,062.77","1,062.84","1,056.09","332.42M","-0.15%"
"12/07/2016","1,062.14","1,080.65","1,083.35","1,062.14","499.26M","-1.58%"
"12/06/2016","1,079.22","1,076.92","1,082.45","1,075.92","337.57M","0.21%"
"12/05/2016","1,077.01","1,093.39","1,096.73","1,077.00","581.65M","-1.66%"
"12/04/2016","1,095.20","1,091.78","1,098.00","1,091.78","438.94M","0.68%"
"12/01/2016","1,087.77","1,077.72","1,088.45","1,077.69","739.88M","0.99%"
"11/30/2016","1,077.10","1,060.32","1,077.52","1,060.32","610.44M","1.77%"
"11/29/2016","1,058.40","1,059.59","1,060.52","1,052.97","365.38M","-0.06%"
"11/28/2016","1,059.04","1,052.16","1,061.21","1,051.29","354.00M","0.66%"
"11/27/2016","1,052.09","1,062.03","1,062.03","1,049.33","303.82M","-0.92%"
"11/24/2016","1,061.88","1,069.99","1,079.22","1,061.88","472.15M","-0.09%"
"11/23/2016","1,062.85","1,050.81","1,063.72","1,050.81","425.42M","1.71%"
"11/22/2016","1,044.99","1,037.92","1,046.40","1,037.90","656.57M","1.06%"
"11/21/2016","1,034.03","1,018.30","1,034.40","1,018.30","744.28M","2.11%"
"11/20/2016","1,012.62","1,018.49","1,018.50","1,007.09","597.21M","-0.55%"
"11/17/2016","1,018.25","1,014.24","1,030.69","1,014.24","852.93M","0.75%"
"11/16/2016","1,010.69","993.40","1,010.69","993.40","764.99M","2.13%"
"11/15/2016","989.57","989.18","989.78","982.89","719.83M","0.01%"
"11/14/2016","989.43","995.45","995.72","989.43","637.88M","-0.76%"
"11/13/2016","996.96","995.80","1,001.86","995.80","720.88M","1.63%"
"11/10/2016","980.95","934.63","980.95","934.63","789.08M","5.00%"
"11/09/2016","934.28","903.59","934.29","893.93","735.30M","3.24%"
"11/08/2016","904.96","881.64","910.36","881.64","457.70M","3.46%"
"11/07/2016","874.70","859.72","876.10","859.72","680.67M","2.49%"
"11/06/2016","853.48","838.38","853.48","837.26","482.14M","3.79%"
"11/03/2016","822.33","830.39","838.48","822.31","494.50M","1.68%"
"11/02/2016","808.75","820.49","822.89","808.75","358.44M","-0.92%"
"11/01/2016","816.29","813.19","819.43","812.11","247.23M","0.50%"
"10/31/2016","812.24","804.16","812.95","799.44","164.18M","1.09%"
"10/30/2016","803.49","800.63","804.50","800.59","128.87M","0.47%"
"10/27/2016","799.72","792.16","799.72","789.06","235.20M","0.94%"
"10/26/2016","792.28","793.68","794.48","792.28","183.23M","-0.12%"
"10/25/2016","793.23","792.18","795.02","791.69","160.76M","0.34%"
"10/24/2016","790.53","794.35","794.45","789.33","101.16M","-0.36%"
"10/23/2016","793.38","792.39","795.44","792.38","127.97M","0.22%"
"10/20/2016","791.60","784.58","792.50","784.58","181.16M","1.01%"
"10/19/2016","783.70","786.57","788.88","782.96","191.12M","-0.37%"
"10/18/2016","786.62","788.03","789.09","784.33","185.48M","-0.07%"
"10/17/2016","787.14","797.21","797.25","787.13","332.38M","-1.70%"
"10/16/2016","800.73","803.55","807.94","800.73","152.28M","-0.33%"
"10/13/2016","803.38","791.81","804.09","791.81","319.27M","1.60%"
"10/12/2016","790.71","791.24","793.10","790.71","138.09M","-0.05%"
"10/11/2016","791.08","798.95","798.95","790.94","165.07M","-0.92%"
"10/10/2016","798.43","807.95","808.76","798.43","201.29M","-0.94%"
"10/09/2016","806.00","805.94","808.31","805.62","155.02M","0.01%"
"10/05/2016","805.88","799.64","806.82","798.61","205.69M","0.86%"
"10/04/2016","799.00","796.48","800.17","796.48","156.94M","0.41%"
"10/03/2016","795.70","790.68","800.75","790.68","220.12M","0.69%"
"09/29/2016","790.26","784.20","791.00","784.05","155.99M","1.03%"
"09/28/2016","782.21","782.43","783.65","781.32","118.74M","0.03%"
"09/27/2016","781.95","784.78","788.71","781.94","120.77M","-0.31%"
"09/26/2016","784.37","779.20","784.40","779.15","117.18M","0.76%"
"09/25/2016","778.47","791.58","792.33","778.47","68.43M","-1.30%"
"09/22/2016","788.73","789.62","789.70","787.41","110.94M","-0.12%"
"09/21/2016","789.64","801.69","802.86","789.64","144.02M","-1.54%"
"09/20/2016","801.99","801.82","805.20","801.82","116.45M","0.11%"
"09/19/2016","801.13","800.10","801.94","800.10","126.39M","0.15%"
"09/18/2016","799.95","808.66","808.98","799.93","96.18M","-1.07%"
"09/15/2016","808.63","816.50","817.28","808.63","123.60M","-0.91%"
"09/14/2016","816.06","816.89","817.18","814.69","62.33M","-0.10%"
"09/08/2016","816.88","813.38","817.55","813.38","93.94M","0.42%"
"09/07/2016","813.43","819.69","819.96","813.33","80.68M","-0.71%"
"09/06/2016","819.25","818.50","823.03","818.14","107.82M","0.13%"
"09/05/2016","818.21","820.73","823.87","818.17","115.39M","-0.17%"
"09/04/2016","819.60","805.81","819.73","804.95","97.10M","1.68%"
"09/01/2016","806.08","807.48","808.17","806.06","83.32M","-0.17%"
"08/31/2016","807.49","805.20","810.13","805.20","158.06M","0.38%"
"08/30/2016","804.47","801.13","804.51","800.79","129.28M","0.41%"
"08/29/2016","801.22","803.95","804.98","801.22","120.54M","-0.26%"
"08/28/2016","803.30","810.78","810.84","803.30","77.11M","-0.95%"
"08/25/2016","811.00","810.74","812.44","808.61","126.42M","0.06%"
"08/24/2016","810.52","808.21","811.98","808.08","152.21M","0.34%"
"08/23/2016","807.80","809.01","809.12","803.13","117.16M","-0.15%"
"08/22/2016","809.03","812.76","814.63","807.04","220.33M","-0.37%"
"08/21/2016","812.02","811.51","813.31","811.51","116.10M","0.16%"
"08/18/2016","810.75","814.42","816.68","810.72","178.66M","-0.18%"
"08/17/2016","812.21","812.19","813.41","806.78","221.44M","0.26%"
"08/16/2016","810.11","808.84","812.75","808.84","218.82M","0.13%"
"08/15/2016","809.07","809.36","812.59","809.07","249.30M","0.07%"
"08/14/2016","808.52","806.84","809.26","805.59","281.79M","0.23%"
"08/11/2016","806.66","803.07","807.19","803.06","350.04M","0.46%"
"08/10/2016","802.97","799.69","802.99","798.01","398.56M","0.43%"
"08/09/2016","799.52","803.56","803.76","799.38","528.02M","-0.50%"
"08/08/2016","803.50","795.60","804.09","795.60","410.67M","1.02%"
"08/07/2016","795.35","794.02","796.42","793.57","236.76M","0.11%"
"08/04/2016","794.48","790.71","795.73","790.71","399.98M","0.49%"
"08/03/2016","790.62","785.95","790.85","784.85","250.05M","0.63%"
"08/02/2016","785.69","780.96","786.34","780.96","153.37M","0.62%"
"08/01/2016","780.87","783.17","787.83","780.37","156.71M","-0.25%"
"07/31/2016","782.83","784.86","787.01","782.83","97.51M","-0.26%"
"07/28/2016","784.91","782.52","787.21","781.74","186.46M","0.30%"
"07/27/2016","782.58","776.81","783.87","776.81","370.09M","1.40%"
"07/26/2016","771.80","767.64","772.70","767.62","241.54M","0.56%"
"07/25/2016","767.51","765.24","768.09","764.37","125.93M","0.38%"
"07/24/2016","764.57","763.46","769.01","763.46","78.16M","0.17%"
"07/21/2016","763.25","763.89","763.90","761.66","126.69M","-0.10%"
"07/20/2016","763.99","768.75","770.17","763.99","179.88M","-0.58%"
"07/19/2016","768.44","769.50","769.50","766.75","152.03M","-0.12%"
"07/18/2016","769.38","770.59","774.77","769.38","192.97M","-0.09%"
"07/17/2016","770.11","769.64","770.49","767.19","180.25M","0.06%"
"07/14/2016","769.64","771.27","771.94","768.91","150.17M","-0.21%"
"07/13/2016","771.28","766.47","771.96","766.47","175.30M","0.63%"
"07/12/2016","766.42","766.12","767.23","761.40","212.09M","0.08%"
"07/11/2016","765.77","770.87","773.36","764.94","312.73M","-0.51%"
"07/10/2016","769.70","754.57","769.70","753.89","316.83M","2.12%"
"07/04/2016","753.74","747.44","756.68","747.43","176.83M","0.83%"
"07/03/2016","747.54","743.71","749.60","743.71","107.78M","0.52%"
"06/29/2016","743.67","736.10","745.16","736.10","135.20M","1.36%"
"06/28/2016","733.67","728.45","734.18","728.45","95.57M","0.91%"
"06/27/2016","727.05","722.40","728.65","722.40","131.95M","0.65%"
"06/26/2016","722.37","735.06","735.06","719.74","196.75M","-3.27%"
"06/23/2016","746.80","741.31","746.91","741.31","103.01M","0.75%"
"06/22/2016","741.27","749.50","749.50","741.25","123.22M","-1.11%"
"06/21/2016","749.58","750.62","755.42","749.56","151.31M","-0.14%"
"06/20/2016","750.66","760.45","760.46","748.15","149.06M","-1.35%"
"06/19/2016","760.96","766.50","767.64","760.96","120.20M","-0.72%"
"06/16/2016","766.49","765.58","766.60","763.71","130.11M","0.11%"
"06/15/2016","765.63","775.71","776.68","765.51","132.33M","-1.29%"
"06/14/2016","775.67","784.36","784.36","775.67","135.23M","-1.11%"
"06/13/2016","784.34","789.12","790.19","784.34","197.79M","-0.61%"
"06/12/2016","789.14","791.79","791.79","789.11","159.75M","-0.34%"
"06/09/2016","791.84","792.65","793.19","789.83","102.37M","-0.02%"
"06/08/2016","791.98","791.75","794.94","791.75","196.14M","0.11%"
"06/07/2016","791.08","787.25","791.08","787.25","154.98M","0.49%"
"06/06/2016","787.24","788.70","791.15","787.23","94.31M","-0.18%"
"06/05/2016","788.68","791.90","793.39","788.68","178.96M","-0.37%"
"06/02/2016","791.58","787.14","792.92","787.14","157.86M","0.58%"
"06/01/2016","787.04","783.87","787.14","783.87","148.49M","0.41%"
"05/31/2016","783.81","785.52","786.18","783.73","219.03M","-0.22%"
"05/30/2016","785.57","784.01","787.24","784.00","124.02M","0.20%"
"05/29/2016","783.98","785.10","786.01","783.78","77.24M","-0.14%"
"05/26/2016","785.09","787.31","788.73","783.74","187.88M","-0.27%"
"05/25/2016","787.22","782.41","789.27","782.41","178.68M","0.63%"
"05/24/2016","782.28","775.75","782.83","775.75","165.55M","0.83%"
"05/23/2016","775.82","781.27","782.11","775.81","126.04M","-0.68%"
"05/22/2016","781.11","775.19","784.01","775.19","123.12M","1.20%"
"05/19/2016","771.85","774.94","775.33","769.77","196.14M","-0.64%"
"05/18/2016","776.85","782.13","785.18","776.85","217.28M","-0.49%"
"05/17/2016","780.71","774.32","781.08","773.25","302.09M","0.73%"
"05/16/2016","775.08","775.19","777.36","774.68","138.61M","0.00%"
"05/15/2016","775.05","781.12","781.67","775.04","134.17M","-0.80%"
"05/12/2016","781.30","777.28","781.99","777.28","206.36M","0.47%"
"05/11/2016","777.67","781.28","781.28","776.09","182.93M","-0.48%"
"05/10/2016","781.42","783.80","787.14","781.42","160.89M","-0.29%"
"05/09/2016","783.70","782.11","785.91","782.11","159.80M","0.29%"
"05/08/2016","781.43","777.86","782.28","777.17","156.33M","0.46%"
"05/05/2016","777.85","767.57","778.91","766.52","156.37M","1.35%"
"05/04/2016","767.49","772.84","773.57","766.40","197.95M","-0.71%"
"05/03/2016","772.97","788.86","789.63","772.97","224.91M","-2.15%"
"04/28/2016","789.99","789.30","790.45","786.77","152.78M","0.11%"
"04/27/2016","789.09","801.32","802.81","789.09","294.39M","-1.46%"
"04/26/2016","800.76","803.54","808.60","800.76","191.71M","-0.42%"
"04/24/2016","804.16","802.07","805.25","800.69","144.86M","0.23%"
"04/21/2016","802.30","804.18","807.62","802.30","311.34M","-0.09%"
"04/20/2016","803.02","813.36","814.97","803.01","359.02M","-1.17%"
"04/19/2016","812.52","808.66","813.86","808.66","439.66M","0.71%"
"04/18/2016","806.77","805.20","809.03","804.88","267.94M","0.49%"
"04/17/2016","802.87","795.90","804.03","795.90","248.63M","1.05%"
"04/14/2016","794.49","786.94","796.00","786.00","292.00M","1.15%"
"04/13/2016","785.49","779.03","787.57","779.03","177.72M","0.97%"
"04/12/2016","777.98","774.32","780.46","771.64","180.31M","0.67%"
"04/11/2016","772.80","777.81","777.81","772.65","201.33M","-0.53%"
"04/10/2016","776.92","778.57","780.79","775.12","192.84M","0.01%"
"04/07/2016","776.87","773.40","776.87","769.03","238.75M","0.43%"
"04/06/2016","773.57","789.58","790.03","773.57","424.17M","-2.00%"
"04/05/2016","789.35","793.87","796.11","789.35","357.79M","-0.29%"
"04/04/2016","791.63","789.85","791.66","788.92","298.57M","0.22%"
"04/03/2016","789.87","792.51","794.78","789.87","282.48M","-0.29%"
"03/31/2016","792.19","789.48","792.39","788.29","459.78M","0.34%"
"03/30/2016","789.51","797.28","797.76","789.51","302.86M","-0.99%"
"03/29/2016","797.40","794.12","801.65","793.70","508.96M","0.31%"
"03/28/2016","794.97","788.95","795.03","787.00","398.59M","0.76%"
"03/27/2016","788.96","792.75","797.09","788.96","357.05M","-0.41%"
"03/24/2016","792.24","791.67","795.98","791.61","437.93M","0.32%"
"03/23/2016","789.69","780.99","789.72","780.04","449.80M","1.20%"
"03/22/2016","780.30","782.11","785.51","779.99","446.06M","-0.20%"
"03/21/2016","781.85","781.74","782.11","778.00","319.03M","0.10%"
"03/20/2016","781.04","784.28","788.58","781.04","403.04M","-0.34%"
"03/17/2016","783.70","770.37","784.28","770.37","653.40M","1.88%"
"03/16/2016","769.25","765.39","769.91","763.77","595.52M","0.48%"
"03/15/2016","765.56","763.29","768.27","762.88","386.06M","0.96%"
"03/14/2016","758.30","736.16","765.00","736.16","705.34M","3.35%"
"03/13/2016","733.74","734.73","736.62","733.72","236.52M","-0.19%"
"03/10/2016","735.13","731.68","737.17","731.68","416.84M","0.68%"
"03/09/2016","730.15","730.14","731.17","728.72","284.52M","-0.14%"
"03/08/2016","731.20","732.52","733.75","731.20","244.44M","0.05%"
"03/07/2016","730.82","730.04","731.90","728.63","223.85M","0.23%"
"03/06/2016","729.13","724.30","731.69","724.30","207.76M","0.69%"
"03/03/2016","724.13","723.53","724.37","720.55","106.60M","0.07%"
"03/02/2016","723.61","727.10","730.63","723.61","144.71M","-0.36%"
"03/01/2016","726.19","723.59","726.89","722.39","102.99M","0.43%"
"02/29/2016","723.05","727.17","728.31","723.05","209.55M","-0.44%"
"02/28/2016","726.22","719.91","726.66","719.91","187.33M","0.90%"
"02/25/2016","719.75","715.66","720.90","715.52","131.74M","0.64%"
"02/24/2016","715.15","718.89","718.91","715.15","132.34M","-0.46%"
"02/23/2016","718.43","718.32","722.14","717.10","212.45M","0.10%"
"02/22/2016","717.71","712.87","719.03","712.87","227.90M","0.90%"
"02/21/2016","711.33","704.78","712.03","704.69","123.82M","0.98%"
"02/18/2016","704.41","705.46","705.86","704.03","123.32M","-0.16%"
"02/17/2016","705.52","705.28","705.68","702.40","213.96M","-0.11%"
"02/16/2016","706.31","703.87","707.81","703.87","211.56M","0.41%"
"02/15/2016","703.44","698.26","704.25","698.26","140.28M","0.76%"
"02/14/2016","698.11","696.51","698.84","696.51","125.66M","0.25%"
"02/11/2016","696.40","705.93","706.43","695.75","178.45M","-1.34%"
"02/10/2016","705.88","702.57","708.02","702.57","103.91M","0.51%"
"02/09/2016","702.31","709.95","710.16","700.02","204.50M","-1.08%"
"02/08/2016","710.01","709.52","715.15","709.51","245.52M","0.10%"
"02/07/2016","709.30","708.66","709.30","703.59","136.97M","0.10%"
"02/04/2016","708.61","708.56","712.27","708.56","220.32M","0.15%"
"02/03/2016","707.57","703.54","707.57","702.13","170.71M","0.55%"
"02/02/2016","703.71","706.78","712.25","703.68","224.73M","-0.55%"
"02/01/2016","707.58","715.59","715.75","705.45","122.64M","-1.12%"
"01/31/2016","715.62","718.95","721.26","714.66","233.09M","0.10%"
"01/28/2016","714.89","714.01","719.73","714.01","156.27M","0.12%"
"01/27/2016","714.00","710.81","716.82","710.81","181.72M","0.60%"
"01/26/2016","709.74","703.91","713.62","703.07","215.93M","0.67%"
"01/24/2016","705.04","698.65","707.50","698.65","252.78M","1.88%"
"01/21/2016","692.03","691.30","692.35","683.20","196.22M","0.06%"
"01/20/2016","691.61","710.56","710.56","691.61","235.35M","-2.76%"
"01/19/2016","711.23","698.62","711.39","698.62","344.10M","2.32%"
"01/18/2016","695.11","680.64","695.77","680.64","240.28M","2.14%"
"01/17/2016","680.56","693.59","693.59","673.23","252.66M","-2.02%"
"01/14/2016","694.60","730.90","730.90","694.55","250.33M","-5.02%"
"01/13/2016","731.31","757.82","761.28","731.31","347.97M","-3.50%"
"01/12/2016","757.80","763.96","763.96","756.37","249.45M","-0.87%"
"01/11/2016","764.46","777.21","779.36","764.46","284.16M","-1.58%"
"01/10/2016","776.74","783.97","783.97","776.74","182.52M","-1.43%"
"01/06/2016","787.98","791.06","791.60","786.82","168.58M","-0.33%"
"01/05/2016","790.58","783.17","791.84","782.34","166.85M","0.94%"
"01/04/2016","783.22","796.01","796.28","783.22","297.06M","-1.64%"
"01/03/2016","796.29","790.61","796.29","790.61","135.77M","0.72%"
"12/31/2015","790.57","789.66","792.10","789.30","194.48M","0.12%"
"12/30/2015","789.63","776.41","790.71","776.41","356.99M","1.75%"
"12/29/2015","776.02","768.96","776.02","767.29","212.62M","0.91%"
"12/28/2015","769.05","769.88","771.66","769.03","185.80M","-0.06%"
"12/27/2015","769.52","769.49","771.09","768.72","318.95M","-0.01%"
"12/24/2015","769.60","760.13","772.27","760.09","321.70M","1.44%"
"12/22/2015","758.67","756.51","759.10","755.11","246.45M","0.28%"
"12/21/2015","756.57","762.23","764.58","756.57","331.66M","-0.85%"
"12/20/2015","763.09","760.57","764.95","759.90","180.25M","0.28%"
"12/17/2015","760.95","752.14","760.97","752.14","421.69M","1.23%"
"12/16/2015","751.72","746.80","752.50","746.80","240.27M","0.68%"
"12/15/2015","746.63","745.08","751.12","743.45","220.67M","0.21%"
"12/14/2015","745.09","747.31","750.06","745.09","138.93M","-0.28%"
"12/13/2015","747.19","761.47","761.47","747.10","217.52M","-2.02%"
"12/10/2015","762.60","765.02","766.44","762.56","146.36M","-0.32%"
"12/09/2015","765.03","762.13","765.82","760.65","175.73M","0.43%"
"12/08/2015","761.74","776.41","776.63","761.69","249.59M","-1.91%"
"12/07/2015","776.56","778.10","781.30","776.52","276.55M","-0.08%"
"12/06/2015","777.15","770.79","777.15","769.19","264.51M","0.83%"
"12/03/2015","770.79","757.50","770.92","757.50","310.41M","1.84%"
"12/02/2015","756.89","742.74","756.89","742.74","393.47M","2.01%"
"12/01/2015","741.97","736.00","742.51","735.72","193.33M","0.82%"
"11/30/2015","735.94","745.60","745.62","735.94","196.27M","-1.29%"
"11/29/2015","745.58","745.44","747.03","744.41","207.12M","0.05%"
"11/26/2015","745.22","745.17","746.86","744.53","244.88M","0.01%"
"11/25/2015","745.16","749.05","751.46","744.22","176.64M","-0.49%"
"11/24/2015","748.83","762.48","762.48","748.56","214.36M","-1.79%"
"11/23/2015","762.48","772.84","774.92","762.48","381.76M","-1.40%"
"11/22/2015","773.34","769.90","773.73","769.37","248.36M","0.45%"
"11/19/2015","769.90","759.57","770.55","759.57","223.17M","1.40%"
"11/18/2015","759.30","754.63","759.30","749.19","270.43M","0.62%"
"11/17/2015","754.65","761.04","767.18","754.64","339.06M","-0.80%"
"11/16/2015","760.75","761.27","761.93","757.45","237.79M","-0.05%"
"11/15/2015","761.13","784.44","784.44","759.05","216.37M","-3.30%"
"11/12/2015","787.14","786.52","791.81","786.24","180.64M","0.08%"
"11/11/2015","786.53","790.31","791.60","786.53","268.29M","-0.46%"
"11/10/2015","790.20","817.74","817.95","790.19","273.94M","-3.40%"
"11/09/2015","818.01","829.76","829.76","818.01","255.34M","-1.42%"
"11/08/2015","829.79","849.88","849.88","829.79","305.63M","-2.67%"
"11/05/2015","852.52","843.68","852.54","843.68","266.45M","1.00%"
"11/04/2015","844.08","842.78","844.08","842.25","204.72M","0.15%"
"11/03/2015","842.81","844.91","847.74","842.77","186.63M","-0.24%"
"11/02/2015","844.85","843.18","845.26","842.41","184.92M","0.19%"
"11/01/2015","843.25","852.03","852.05","843.25","283.38M","-1.07%"
"10/29/2015","852.35","849.13","854.00","849.13","260.18M","0.38%"
"10/28/2015","849.11","855.63","855.87","849.01","284.13M","-0.77%"
"10/27/2015","855.66","858.46","858.50","852.42","378.66M","-0.33%"
"10/26/2015","858.47","864.63","864.74","858.45","456.52M","-0.71%"
"10/25/2015","864.57","860.83","865.98","860.15","281.77M","0.43%"
"10/22/2015","860.85","867.85","868.15","860.83","560.59M","-0.80%"
"10/21/2015","867.76","862.76","867.89","862.06","196.15M","0.54%"
"10/20/2015","863.13","861.72","866.82","861.71","214.03M","0.32%"
"10/19/2015","860.39","850.86","860.39","850.86","188.01M","1.19%"
"10/18/2015","850.31","853.87","854.18","850.18","155.92M","-0.43%"
"10/15/2015","853.97","858.91","860.08","853.96","222.48M","-0.57%"
"10/13/2015","858.87","860.14","861.03","856.56","248.11M","-0.16%"
"10/12/2015","860.25","856.34","861.51","853.72","400.10M","0.48%"
"10/11/2015","856.17","852.95","856.17","852.95","257.35M","0.44%"
"10/08/2015","852.42","843.27","852.42","843.27","320.13M","1.22%"
"10/07/2015","842.17","832.81","842.17","832.81","140.88M","1.13%"
"10/05/2015","832.80","833.77","834.27","832.68","70.03M","-0.11%"
"10/04/2015","833.70","839.23","839.56","833.70","87.48M","-0.65%"
"10/01/2015","839.19","844.60","845.91","839.19","110.67M","-0.64%"
"09/30/2015","844.61","841.71","846.90","841.51","154.80M","0.39%"
"09/29/2015","841.33","847.54","850.36","841.33","178.56M","-0.69%"
"09/28/2015","847.14","846.64","848.81","846.64","174.96M","0.06%"
"09/22/2015","846.62","846.00","848.95","846.00","107.76M","0.08%"
"09/21/2015","845.95","842.79","847.62","842.79","95.99M","0.49%"
"09/20/2015","841.81","843.74","845.35","841.41","104.87M","-0.17%"
"09/17/2015","843.21","844.01","845.54","838.88","198.64M","-0.07%"
"09/16/2015","843.83","834.15","845.30","834.15","158.24M","1.20%"
"09/15/2015","833.82","833.53","834.83","832.80","130.86M","0.03%"
"09/14/2015","833.60","829.25","833.98","829.22","143.60M","0.60%"
"09/13/2015","828.64","822.56","829.17","822.56","95.71M","0.70%"
"09/10/2015","822.87","823.07","823.07","818.21","141.09M","-0.02%"
"09/09/2015","823.05","816.28","823.07","816.28","165.88M","1.40%"
"09/08/2015","811.65","833.10","833.10","811.62","265.33M","-2.61%"
"09/07/2015","833.38","843.18","846.45","833.16","194.28M","-1.06%"
"09/06/2015","842.35","846.34","846.34","842.35","109.61M","-0.47%"
"09/03/2015","846.30","835.14","847.06","835.14","157.29M","1.39%"
"09/02/2015","834.69","835.11","835.27","830.43","198.94M","-0.09%"
"09/01/2015","835.44","837.73","838.74","835.44","174.49M","-0.27%"
"08/31/2015","837.70","823.33","837.71","821.24","252.57M","1.72%"
"08/30/2015","823.56","825.55","829.45","823.55","151.82M","-0.17%"
"08/27/2015","824.95","808.84","825.10","808.84","190.73M","2.71%"
"08/26/2015","803.19","802.27","803.32","800.29","154.41M","0.12%"
"08/25/2015","802.23","793.19","805.34","792.82","221.63M","1.03%"
"08/24/2015","794.05","825.41","825.41","793.73","204.80M","-3.82%"
"08/23/2015","825.63","860.56","860.56","825.54","232.15M","-4.31%"
"08/20/2015","862.81","864.92","864.92","860.24","195.30M","-0.29%"
"08/19/2015","865.36","879.94","879.94","864.18","196.84M","-1.65%"
"08/18/2015","879.89","895.41","895.41","879.89","179.28M","-1.73%"
"08/17/2015","895.40","901.01","903.14","895.30","189.41M","-0.62%"
"08/16/2015","901.00","921.35","921.35","900.96","182.48M","-2.21%"
"08/13/2015","921.35","925.92","927.23","921.27","141.75M","-0.49%"
"08/12/2015","925.87","939.48","939.48","925.32","127.32M","-1.53%"
"08/11/2015","940.23","936.16","943.37","936.16","130.89M","0.43%"
"08/10/2015","936.19","931.76","936.38","930.32","125.03M","0.48%"
"08/09/2015","931.73","943.90","943.94","931.72","134.00M","-1.29%"
"08/05/2015","943.86","948.40","953.63","943.86","165.45M","-0.48%"
"08/04/2015","948.38","937.26","948.92","937.26","170.77M","1.22%"
"08/03/2015","936.94","938.77","938.77","929.07","165.62M","-0.20%"
"08/02/2015","938.84","944.70","948.05","938.64","186.26M","-0.56%"
"07/30/2015","944.14","932.07","944.43","932.06","207.21M","1.64%"
"07/29/2015","928.94","917.48","929.69","917.48","161.54M","1.57%"
"07/28/2015","914.54","910.40","915.24","908.83","169.13M","0.46%"
"07/27/2015","910.37","917.34","917.34","903.99","143.64M","-0.77%"
"07/26/2015","917.42","919.41","923.47","917.42","123.66M","-0.09%"
"07/22/2015","918.27","908.25","918.36","908.25","130.33M","1.10%"
"07/21/2015","908.24","902.70","908.37","902.70","133.77M","0.67%"
"07/16/2015","902.24","889.70","902.66","889.70","164.52M","1.43%"
"07/15/2015","889.49","875.41","889.50","875.41","150.33M","1.70%"
"07/14/2015","874.64","864.99","874.68","864.99","83.33M","1.14%"
"07/13/2015","864.78","877.55","877.97","864.75","100.07M","-1.45%"
"07/12/2015","877.51","874.36","880.57","874.34","67.20M","0.37%"
"07/09/2015","874.30","873.68","877.23","872.11","87.00M","0.08%"
"07/08/2015","873.61","888.78","889.95","873.61","124.11M","-1.69%"
"07/07/2015","888.62","902.72","903.87","888.60","94.13M","-1.54%"
"07/06/2015","902.56","928.73","928.73","902.51","101.82M","-2.81%"
"07/05/2015","928.68","937.07","940.13","928.56","133.45M","-0.84%"
"07/02/2015","936.54","941.57","941.57","931.74","151.98M","-0.56%"
"06/29/2015","941.77","952.58","952.61","941.72","151.49M","-1.12%"
"06/28/2015","952.48","944.36","952.74","944.36","122.59M","0.88%"
"06/25/2015","944.17","943.48","944.39","938.22","97.69M","0.07%"
"06/24/2015","943.55","945.29","950.77","943.51","69.70M","-0.19%"
"06/23/2015","945.30","950.43","950.44","945.26","58.75M","-0.54%"
"06/22/2015","950.43","959.17","959.26","950.43","71.60M","-0.91%"
"06/21/2015","959.17","965.04","966.06","959.03","40.79M","-0.38%"
"06/18/2015","962.87","954.14","963.24","952.56","67.34M","0.91%"
"06/17/2015","954.16","952.10","955.68","951.22","84.69M","0.22%"
"06/16/2015","952.08","942.29","952.21","942.29","73.18M","1.09%"
"06/15/2015","941.78","945.87","946.59","941.03","96.13M","-0.43%"
"06/14/2015","945.88","951.49","952.15","945.87","68.96M","-0.57%"
"06/11/2015","951.35","954.48","955.42","950.60","74.40M","-0.35%"
"06/10/2015","954.65","962.28","966.23","954.65","97.10M","-0.71%"
"06/09/2015","961.49","965.88","965.88","957.69","113.93M","-0.46%"
"06/08/2015","965.94","975.18","978.41","965.94","108.33M","-0.93%"
"06/07/2015","975.01","979.62","979.84","974.95","76.13M","-0.37%"
"06/04/2015","978.66","985.63","987.11","978.62","95.47M","-0.71%"
"06/03/2015","985.62","985.79","990.55","985.62","95.01M","-0.01%"
"06/02/2015","985.73","980.47","986.73","978.97","121.03M","0.54%"
"06/01/2015","980.46","986.07","989.84","980.45","101.79M","-0.54%"
"05/31/2015","985.75","1,000.93","1,000.97","985.00","105.14M","-1.52%"
"05/28/2015","1,000.95","1,008.72","1,009.86","1,000.95","136.93M","-0.83%"
"05/27/2015","1,009.28","1,001.64","1,011.20","1,000.90","159.31M","0.82%"
"05/26/2015","1,001.11","1,008.73","1,011.29","1,001.11","139.33M","-0.78%"
"05/25/2015","1,008.96","1,015.83","1,016.11","1,008.77","155.27M","-0.66%"
"05/24/2015","1,015.70","1,003.63","1,016.14","1,003.63","188.50M","1.21%"
"05/21/2015","1,003.60","988.34","1,004.12","988.34","218.71M","1.59%"
"05/20/2015","987.93","990.23","990.23","981.96","176.08M","-0.26%"
"05/19/2015","990.46","985.14","1,000.11","985.04","220.41M","1.09%"
"05/18/2015","979.80","920.18","979.80","920.18","158.70M","6.47%"
"05/17/2015","920.28","923.42","929.18","920.27","101.65M","-0.34%"
"05/14/2015","923.41","944.46","944.46","922.30","131.72M","-2.23%"
"05/13/2015","944.43","959.05","960.16","943.43","118.82M","-1.53%"
"05/12/2015","959.10","963.74","964.08","959.04","66.37M","-0.62%"
"05/11/2015","965.07","968.56","972.56","965.07","84.42M","-0.36%"
"05/10/2015","968.53","968.60","972.20","968.30","63.57M","-0.01%"
"05/07/2015","968.60","968.29","970.19","964.90","93.92M","0.04%"
"05/06/2015","968.22","976.00","980.09","968.22","101.84M","-0.79%"
"05/05/2015","975.90","956.93","976.50","956.75","117.76M","1.99%"
"05/04/2015","956.88","956.78","959.10","955.48","124.66M","0.01%"
"05/03/2015","956.83","971.37","971.37","956.83","90.76M","-1.54%"
"04/30/2015","971.75","954.92","972.64","954.92","153.72M","1.80%"
"04/29/2015","954.53","941.58","954.53","939.84","135.22M","1.38%"
"04/28/2015","941.58","962.76","962.77","940.83","116.76M","-2.20%"
"04/27/2015","962.75","984.26","986.47","962.75","129.15M","-2.18%"
"04/26/2015","984.22","989.43","989.95","984.22","75.13M","-0.51%"
"04/23/2015","989.22","986.33","995.03","986.32","64.40M","0.29%"
"04/22/2015","986.33","986.45","987.45","979.36","74.41M","-0.02%"
"04/21/2015","986.48","992.61","995.24","986.47","90.71M","-0.62%"
"04/20/2015","992.59","1,006.20","1,006.50","992.59","86.02M","-1.36%"
"04/19/2015","1,006.32","1,007.90","1,015.52","1,006.32","109.28M","-0.21%"
"04/16/2015","1,008.42","1,005.15","1,008.87","1,001.46","86.48M","0.33%"
"04/15/2015","1,005.15","1,013.29","1,016.31","1,005.15","94.63M","-0.78%"
"04/14/2015","1,013.10","1,012.19","1,016.22","1,012.18","82.25M","0.11%"
"04/09/2015","1,011.97","1,008.03","1,012.45","1,007.30","80.55M","0.39%"
"04/08/2015","1,008.01","1,005.31","1,009.65","993.04","147.27M","0.15%"
"04/07/2015","1,006.51","986.42","1,007.75","986.42","94.02M","2.12%"
"04/06/2015","985.59","997.18","999.70","980.11","137.28M","-1.17%"
"04/05/2015","997.22","1,025.71","1,025.71","997.19","97.07M","-2.78%"
"04/02/2015","1,025.70","1,043.14","1,044.43","1,025.68","100.47M","-1.65%"
"04/01/2015","1,042.94","1,045.89","1,049.05","1,042.86","56.21M","-0.26%"
"03/31/2015","1,045.63","1,044.04","1,054.60","1,043.69","77.59M","0.11%"
"03/30/2015","1,044.44","1,034.65","1,047.06","1,033.17","80.44M","0.96%"
"03/29/2015","1,034.54","1,029.28","1,038.26","1,029.28","58.80M","0.63%"
"03/26/2015","1,028.08","1,040.60","1,040.60","1,018.26","123.64M","-1.39%"
"03/25/2015","1,042.60","1,069.29","1,069.67","1,042.60","122.97M","-2.50%"
"03/24/2015","1,069.30","1,077.52","1,084.33","1,069.30","81.45M","-0.73%"
"03/23/2015","1,077.15","1,078.25","1,078.37","1,071.48","92.84M","-0.10%"
"03/22/2015","1,078.25","1,098.87","1,098.95","1,078.25","82.04M","-1.88%"
"03/19/2015","1,098.93","1,098.68","1,103.89","1,098.42","119.28M","0.03%"
"03/18/2015","1,098.63","1,110.48","1,111.05","1,098.09","90.05M","-1.07%"
"03/17/2015","1,110.50","1,108.22","1,114.83","1,105.78","77.70M","0.20%"
"03/16/2015","1,108.24","1,125.53","1,125.53","1,105.17","79.24M","-1.52%"
"03/15/2015","1,125.36","1,123.32","1,133.85","1,123.32","99.25M","0.46%"
"03/12/2015","1,120.18","1,120.37","1,125.57","1,120.17","75.17M","-0.02%"
"03/11/2015","1,120.39","1,132.19","1,132.38","1,120.38","84.01M","-1.05%"
"03/10/2015","1,132.29","1,135.97","1,142.17","1,132.29","118.32M","-0.34%"
"03/09/2015","1,136.14","1,135.70","1,137.23","1,132.44","93.38M","0.03%"
"03/08/2015","1,135.76","1,131.65","1,139.75","1,131.64","91.35M","0.38%"
"03/05/2015","1,131.47","1,122.57","1,131.50","1,122.20","94.00M","0.81%"
"03/04/2015","1,122.37","1,124.61","1,125.80","1,120.76","69.45M","-0.19%"
"03/03/2015","1,124.50","1,126.48","1,130.45","1,124.46","71.30M","-0.18%"
"03/02/2015","1,126.48","1,112.08","1,127.45","1,112.08","87.93M","1.30%"
"03/01/2015","1,112.06","1,114.27","1,119.04","1,110.32","70.48M","-0.21%"
"02/26/2015","1,114.42","1,124.07","1,124.07","1,114.29","101.24M","-0.86%"
"02/25/2015","1,124.06","1,136.48","1,137.92","1,123.99","78.07M","-1.10%"
"02/24/2015","1,136.51","1,141.90","1,141.95","1,136.49","59.69M","-0.47%"
"02/23/2015","1,141.83","1,139.99","1,148.51","1,139.99","172.11M","0.18%"
"02/22/2015","1,139.83","1,139.94","1,145.37","1,139.83","55.91M","0.00%"
"02/19/2015","1,139.87","1,146.23","1,150.88","1,139.73","101.73M","-0.56%"
"02/18/2015","1,146.25","1,132.46","1,146.39","1,132.46","91.54M","1.22%"
"02/17/2015","1,132.45","1,155.66","1,155.66","1,129.40","155.88M","-2.02%"
"02/16/2015","1,155.84","1,174.92","1,174.99","1,155.84","108.65M","-1.80%"
"02/15/2015","1,176.99","1,169.57","1,181.33","1,169.57","52.69M","0.62%"
"02/12/2015","1,169.77","1,168.05","1,169.85","1,160.36","97.80M","0.09%"
"02/11/2015","1,168.67","1,179.71","1,180.21","1,168.60","121.80M","-0.94%"
"02/10/2015","1,179.71","1,179.75","1,185.52","1,179.69","146.04M","0.10%"
"02/09/2015","1,178.58","1,182.98","1,183.48","1,178.51","105.49M","-0.47%"
"02/08/2015","1,184.15","1,179.14","1,187.09","1,179.14","84.19M","0.43%"
"02/05/2015","1,179.09","1,180.97","1,181.92","1,172.31","105.42M","-0.16%"
"02/04/2015","1,180.96","1,163.91","1,182.69","1,163.91","123.32M","1.55%"
"02/03/2015","1,162.96","1,145.55","1,163.11","1,145.26","169.83M","1.54%"
"02/02/2015","1,145.30","1,138.49","1,145.55","1,138.49","94.09M","0.56%"
"02/01/2015","1,138.95","1,145.03","1,146.90","1,138.68","103.00M","-0.53%"
"01/29/2015","1,145.05","1,142.93","1,145.05","1,140.81","106.79M","0.21%"
"01/28/2015","1,142.65","1,146.26","1,146.65","1,141.01","111.20M","-0.31%"
"01/27/2015","1,146.25","1,142.01","1,153.99","1,142.01","133.25M","0.37%"
"01/26/2015","1,142.00","1,140.48","1,142.02","1,136.54","93.37M","0.12%"
"01/22/2015","1,140.58","1,147.44","1,151.71","1,134.23","157.57M","-0.52%"
"01/21/2015","1,146.49","1,148.12","1,149.49","1,132.96","194.85M","-0.14%"
"01/20/2015","1,148.06","1,140.42","1,153.67","1,140.42","179.16M","0.71%"
"01/19/2015","1,140.01","1,138.65","1,141.35","1,130.65","97.71M","0.12%"
"01/18/2015","1,138.63","1,153.26","1,154.99","1,138.60","69.83M","-1.28%"
"01/15/2015","1,153.36","1,156.48","1,161.41","1,151.55","148.15M","-0.30%"
"01/14/2015","1,156.79","1,146.93","1,160.78","1,146.93","153.96M","1.13%"
"01/13/2015","1,143.89","1,128.87","1,143.94","1,126.43","153.00M","1.67%"
"01/12/2015","1,125.15","1,110.76","1,125.17","1,109.96","116.30M","1.30%"
"01/11/2015","1,110.74","1,111.71","1,113.37","1,110.37","53.21M","-0.08%"
"01/08/2015","1,111.65","1,096.89","1,111.67","1,096.89","90.19M","1.51%"
"01/06/2015","1,095.09","1,106.46","1,106.46","1,092.67","115.59M","-1.21%"
"01/05/2015","1,108.45","1,095.72","1,110.11","1,095.64","99.04M","1.21%"
"01/04/2015","1,095.25","1,090.70","1,095.67","1,088.04","69.38M","0.44%"