date,return,return_lag1,return_lag2,dist_to_ma5,macd_hist,bb_pb,bb_bandwidth,rsi,label
2024-06-18,0.33739366902272305,-0.49505919185989233,1.2894238365031008,0.0033265839056488833,2.9653574544336188,0.5837726905290528,0.033342458644796166,50.854629739688576,1
2024-06-19,0.048996962188341264,0.33739366902272305,-0.49505919185989233,0.0029836335211084197,3.8820204277275536,0.6042471774071552,0.03297050706324506,51.483612231744324,1
2024-06-20,1.3323445458107264,0.048996962188341264,0.33739366902272305,0.011282993679847975,7.440289193342256,0.9402758726278877,0.03539281137026233,59.5238633537564,0
2024-06-21,-1.6462257767860367,1.3323445458107264,0.048996962188341264,-0.004478087560308985,5.60824712610369,0.4579518336258306,0.034680493181658556,50.20968515929815,1
2024-06-24,1.6810804739709084,-1.6462257767860367,1.3323445458107264,0.00878167981801492,8.105853472279954,0.8906909304029229,0.037266566230164465,56.45370352976536,0
2024-06-25,-0.3363460885269509,1.6810804739709084,-1.6462257767860367,0.0032958656567796396,8.569733355219267,0.8018194698253648,0.037064064733153365,50.49607401546049,0
2024-06-26,-1.6150885680323857,-0.3363460885269509,1.6810804739709084,-0.011666389253361054,4.77243090641417,0.36732434059250524,0.037342873963637724,42.38883912405422,1
2024-06-27,1.2352145995268682,-1.6150885680323857,-0.3363460885269509,0.002011459969827989,5.011459817577951,0.6813765308484686,0.03782831444543612,59.969370059232865,0
2024-06-28,-0.06481836947026531,1.2352145995268682,-1.6150885680323857,-0.0003617512097794373,4.808692715560864,0.6462038289025255,0.03711297559451988,56.0193439660015,1
2024-07-01,0.8175752227662869,-0.06481836947026531,1.2352145995268682,0.0077869258450027345,6.351705777660696,0.8288144913295381,0.03881542493536201,59.392144709960284,0
2024-07-02,-0.36667863158185154,0.8175752227662869,-0.06481836947026531,0.0041290278056824725,6.171752546714149,0.7114588659676864,0.039071466875429436,55.79162695553127,1
2024-07-03,1.1534134053131195,-0.36667863158185154,0.8175752227662869,0.010131647769570984,8.410833939534749,0.952417806816335,0.04252416022910819,63.2833741545514,0
2024-07-04,-0.39396828527906713,1.1534134053131195,-0.36667863158185154,0.0038739462617660703,8.455783857851186,0.8530468649490273,0.04291918571725524,57.044482566989636,1
2024-07-05,1.5037159690400204,-0.39396828527906713,1.1534134053131195,0.013484454428860593,11.510475571112316,1.102234832200993,0.04611895887104841,64.49437703790788,0
2024-07-08,-1.3646476060406587,1.5037159690400204,-0.39396828527906713,-0.0013481910535423358,9.562479212884199,0.7700776879926013,0.0458477611297956,56.983114599942745,1
2024-07-09,0.4296738709385073,-1.3646476060406587,1.5037159690400204,0.0003524593618187133,8.771183065178024,0.830565336141396,0.045674976810607934,58.17083109706403,1
2024-07-10,0.16577260703412033,0.4296738709385073,-1.3646476060406587,0.0013733889616940331,8.115000732231547,0.8294629748261011,0.046524824158062854,54.40500953371467,1
2024-07-11,1.795901869911809,0.16577260703412033,0.4296738709385073,0.014266114685107745,11.369322084719052,1.1016660217017633,0.05113622867166817,67.75076442790856,0
2024-07-12,-0.1765291366974009,1.795901869911809,0.16577260703412033,0.010796755105666689,12.261591700004331,0.9798664926022291,0.05607766375230109,62.01554129060283,1
2024-07-15,0.35771396320734006,-0.1765291366974009,1.795901869911809,0.00924770753287052,12.867985484902931,0.9712640364607589,0.05964221458552448,65.0501792977305,1
2024-07-16,2.102480879233881,0.35771396320734006,-0.1765291366974009,0.02179207773259928,17.394992612493702,1.1422432783327539,0.07201568300562738,80.04957198264982,1
2024-07-17,0.040653924939726416,2.102480879233881,0.35771396320734006,0.013917029474202591,19.190996920011415,1.0371496942971221,0.08048010838245546,77.90402114788269,0
2024-07-18,-0.6937198168957104,0.040653924939726416,2.102480879233881,0.0036640829776477535,17.349839127215418,0.8918311269887772,0.08584227526788286,73.40198778589398,0
2024-07-19,-1.6878049295625974,-0.6937198168957104,0.040653924939726416,-0.0134316131712362,10.894703471218861,0.6689557113748381,0.08252315177665133,61.29481763287698,1
2024-07-22,0.1417895016689874,-1.6878049295625974,-0.6937198168957104,-0.01176832865246702,6.277994035704751,0.6686077558966872,0.08239162155728183,63.58784985701741,1
2024-07-23,0.42771599657827064,0.1417895016689874,-1.6878049295625974,-0.003972344651430482,3.7222157309339323,0.6998915365853203,0.08179339603415191,61.354077048083354,0
2024-07-24,-0.4590046621415933,0.42771599657827064,0.1417895016689874,-0.0039692993823218226,0.4687661925062301,0.6241022846424217,0.07461399209120503,60.94480712166172,0
2024-07-25,-1.4587418552685638,-0.4590046621415933,0.42771599657827064,-0.01246870860072613,-5.425866288517952,0.407358854808891,0.07041000859364452,47.99980995819079,1
2024-07-26,0.9892500047638642,-1.4587418552685638,-0.4590046621415933,-0.001948307700254448,-6.865029586321036,0.526352085514827,0.06502413803795744,58.58357497419768,0
2024-07-29,-0.28168406638579,0.9892500047638642,-1.4587418552685638,-0.003165077122145754,-8.406529497636981,0.46501060618101125,0.06157946914126788,55.44741754822652,1
2024-07-30,1.4513242759597533,-0.28168406638579,0.9892500047638642,0.010865864668782699,-5.818938904697134,0.6818468262193599,0.05695065234956052,60.169566958921195,1
2024-07-31,1.7710834063846326,1.4513242759597533,-0.28168406638579,0.023713891648007968,0.04989213026518513,0.9344241996382908,0.059641926690054234,60.232397964851494,1
2024-08-01,0.24584112222938437,1.7710834063846326,1.4513242759597533,0.017750488417527244,4.024861320490224,0.9270515659298642,0.060342944282626036,61.93199381761979,0
2024-08-02,-0.17994583343127202,0.24584112222938437,1.7710834063846326,0.0098948578869269,5.5562951033119035,0.8520426596634265,0.06283454156930378,59.84142626769399,0
2024-08-05,-0.36655817312220007,-0.17994583343127202,0.24584112222938437,0.00044872714394639246,5.008842255605693,0.77055137225254,0.059472688405468675,49.39263835802923,0
2024-08-06,-0.9942148565006081,-0.36655817312220007,-0.17994583343127202,-0.010387055081420127,1.653614478774557,0.5811684232167345,0.0548624260940828,44.73451433216193,1
2024-08-07,0.15357397677027151,-0.9942148565006081,-0.36655817312220007,-0.006594535264952239,-0.5037135399282349,0.5895079411358843,0.049899611272572426,48.51617121875155,1
2024-08-08,1.6774542103200174,0.15357397677027151,-0.9942148565006081,0.00951855065604379,1.8767241199003877,0.8763779589264279,0.052602588259442945,64.54172228798835,1
2024-08-09,0.26489203761101976,1.6774542103200174,0.15357397677027151,0.0107346926129539,3.5790963012107753,0.8777408199230845,0.054948140491380255,64.97312898089172,1
2024-08-12,1.9589709752251716,0.26489203761101976,1.6774542103200174,0.02424975652121275,8.922535917133295,1.0877852697596802,0.06486623950298444,69.48719060210675,0
2024-08-13,-0.34115692709076884,1.9589709752251716,0.26489203761101976,0.013281626435798888,10.580669316383542,0.9648111337577521,0.07150313037106638,70.06425105992395,0
2024-08-14,-1.163750897995397,-0.34115692709076884,1.9589709752251716,-0.003159179644692922,7.767425058461917,0.7784243961081099,0.0736776130580591,71.44767338206455,0
2024-08-15,-0.00853602071407833,-1.163750897995397,-0.34115692709076884,-0.004596381090204993,5.165299517694834,0.7555561648189181,0.07582951967640628,68.87645077657436,1
2024-08-16,2.0203640276901025,-0.00853602071407833,-1.163750897995397,0.010607983304393498,7.825353430232816,0.9535862907495823,0.0814996720484971,75.43509034890496,0
2024-08-19,-0.4328378645651054,2.0203640276901025,-0.00853602071407833,0.006141386147341166,7.552832428218082,0.854683760888408,0.08402982754902458,69.56100419164378,1
2024-08-20,0.6473678715043452,-0.4328378645651054,2.0203640276901025,0.010552257300383339,8.15091438715202,0.8824693905497905,0.08801873406449816,66.45806948272869,0
2024-08-21,-0.26568220865414993,0.6473678715043452,-0.4328378645651054,0.00398477207786363,6.952412904075999,0.8165068081523973,0.08860762088676283,63.94997523526503,0
2024-08-22,-1.045009754946613,-0.26568220865414993,0.6473678715043452,-0.008263117934917186,2.716265095425811,0.6781882587569559,0.0802538710257417,58.94316366126457,1
2024-08-23,1.015280484052905,-1.045009754946613,-0.26568220865414993,0.001996363312691596,1.9478834291579972,0.784861584329976,0.07561929977648016,64.23041256011558,1
2024-08-26,0.060913705583764965,1.015280484052905,-1.045009754946613,0.001805200930247608,1.0148535214094636,0.781561166277197,0.06731446168363041,70.10952058473251,1
2024-08-27,0.3005783279220742,0.060913705583764965,1.015280484052905,0.004706117902456564,0.628300121807932,0.8043945474623485,0.06362036592733156,70.52660664532917,0
2024-08-28,-0.7624707593096081,0.3005783279220742,0.060913705583764965,-0.0020675291119798267,-2.077242524951437,0.6634037162228736,0.06261676387027439,60.570929942657656,1
2024-08-29,0.35829871817740777,-0.7624707593096081,0.3005783279220742,-0.0004116979061278281,-3.268340316024755,0.6998592916136175,0.06218355349683781,60.949653077853775,0
2024-08-30,-0.6277043086111211,0.35829871817740777,-0.7624707593096081,-0.005345065536145888,-5.915173890974849,0.581420239844885,0.060086987420195546,48.38554896979959,0
2024-09-02,-0.44129972607219736,-0.6277043086111211,0.35829871817740777,-0.0074018705684056885,-8.8467595900306,0.4880398250676284,0.05628318952236233,47.86141046401254,0
2024-09-03,-0.2073831480659205,-0.44129972607219736,-0.6277043086111211,-0.006109930695154642,-11.196495952244,0.40961344230771624,0.04703603515360122,53.448275862069025,1
2024-09-04,0.06609929296903516,-0.2073831480659205,-0.44129972607219736,-0.0037497721048093124,-12.353186160805635,0.3580490630346094,0.03560783142375309,53.87330484859745,1
2024-09-05,0.7759608909542415,0.06609929296903516,-0.2073831480659205,0.004871545285534351,-10.910663256634038,0.5519275298926849,0.031224407321335836,45.839240920492976,0
2024-09-06,-0.8018669421171465,0.7759608909542415,0.06609929296903516,-0.001956871837981544,-11.82283837533977,0.25105116236198444,0.02778438391621055,43.56343283582085,1
2024-09-09,0.1943739538901701,-0.8018669421171465,0.7759608909542415,-5.79904115677321e-05,-11.647239340623052,0.33493970263616357,0.02806206357063079,39.851977317917296,1
2024-09-10,0.5029548598013411,0.1943739538901701,-0.8018669421171465,0.0035045807057947354,-10.004138644975406,0.5110317768074206,0.028048291898164688,45.542967079948696,0
2024-09-11,-0.23770799449518432,0.5029548598013411,0.1943739538901701,0.0002682906099311655,-9.349537597416344,0.39831711980045553,0.025513710156547253,51.378617363344084,1
2024-09-12,1.9200155607766112,-0.23770799449518432,0.5029548598013411,0.016277155175273617,-3.9457711703032388,1.0705913148767814,0.026367217520373867,57.437900218140925,1
2024-09-13,0.8005464206434443,1.9200155607766112,-0.23770799449518432,0.017931515769955553,1.4073049382312242,1.1682875037103393,0.033299096678053516,61.43767931144404,1
2024-09-16,0.2052733324032996,0.8005464206434443,1.9200155607766112,0.013573274161189142,4.93613513669575,1.081384855270133,0.039740769738643475,60.98874520300561,0
2024-09-17,-0.4194013524264073,0.2052733324032996,0.8005464206434443,0.004817468516122414,5.522864241209135,0.9219909679461473,0.0429436268994215,63.71752973282578,0
2024-09-18,-0.32679820148644456,-0.4194013524264073,0.2052733324032996,-0.0027282069420652144,4.463427113286684,0.8149141520058815,0.04489868449141438,59.173877771768566,1
2024-09-19,1.1163599202492769,-0.32679820148644456,-0.4194013524264073,0.00565527109529218,6.097295769772153,0.9803919692438529,0.0493025154792406,69.57141499572367,1
2024-09-20,1.3195409473843345,1.1163599202492769,-0.32679820148644456,0.015075696135431915,9.874942923905763,1.093605235261023,0.0593323611429981,77.59674713526118,1
2024-09-23,0.44177904691122816,1.3195409473843345,1.1163599202492769,0.015229116306976431,12.529349643588077,1.0454541631417478,0.06895970293684779,80.44956867949568,1
2024-09-24,1.292733092360665,0.44177904691122816,1.3195409473843345,0.02048893697454668,16.548196651200612,1.085721912075766,0.0824366011210829,82.84653825627093,0
2024-09-25,-0.34170699706354,1.292733092360665,0.44177904691122816,0.009338825194676437,16.87701380435096,0.9616656125612943,0.09048750468972604,78.56656151419554,1
2024-09-26,0.21460055362121366,-0.34170699706354,1.292733092360665,0.005673296885760237,16.31275285310435,0.9213351525706586,0.09768977911176169,85.68676246287225,0
2024-09-27,-0.5572478309200601,0.21460055362121366,-0.34170699706354,-0.0019931257204980346,13.135132973804026,0.8237623064127504,0.10044100078032729,80.31132002774122,0
2024-09-30,-1.0295234915242646,-0.5572478309200601,0.21460055362121366,-0.0114122750836827,7.218724305980842,0.696650670320338,0.09873003887876575,71.08620773298394,1
2024-10-01,0.8717909852998362,-1.0295234915242646,-0.5572478309200601,-0.001086047079148278,4.870570357724986,0.7604416537091552,0.09699626081217132,74.94585166776854,1
2024-10-02,0.26732330123675485,0.8717909852998362,-1.0295234915242646,0.002075303883783075,3.2990933743303543,0.7631843367394578,0.09447538774128758,70.6662751588275,0
2024-10-03,-0.21101635920639517,0.26732330123675485,0.8717909852998362,0.0013068147917463246,1.0282455478147128,0.7176611536113079,0.09225146443741986,66.25032008421773,0
2024-10-04,-0.11433028371835574,-0.21101635920639517,0.26732330123675485,0.0006139078022100453,-1.3083475263271396,0.6863241256154476,0.08572652249675669,64.55237821526077,0
2024-10-07,-0.23837988975838886,-0.11433028371835574,-0.21101635920639517,-0.0029041485551243307,-3.886786651445547,0.6399395644329284,0.07753689437723713,65.88542430553512,0
2024-10-08,-0.3925772514244752,-0.23837988975838886,-0.11433028371835574,-0.005449326746505445,-6.876113018704146,0.5673813998488177,0.06895872283416371,65.29929935750198,0
2024-10-09,-0.7448098806888681,-0.3925772514244752,-0.23837988975838886,-0.009493559907183147,-10.867657897924175,0.41532769453241314,0.056536491240710036,54.57080504364691,1
2024-10-10,1.1216644497279438,-0.7448098806888681,-0.3925772514244752,0.0023782412615838133,-10.39428403223124,0.5930568396364598,0.05127515188986919,53.49241319390568,1
2024-10-11,0.9091152234857791,1.1216644497279438,-0.7448098806888681,0.010185637292391636,-7.64872933469244,0.7483401185860512,0.04922366721335454,56.122837319593636,0
2024-10-14,-0.2530010746521816,0.9091152234857791,1.1216644497279438,0.006363920571814452,-6.661737144164164,0.6769410442645238,0.04646345341513952,46.357615894039796,1
2024-10-15,0.33867352065859446,-0.2530010746521816,0.9091152234857791,0.007029837777450254,-5.2487250622771455,0.7374334309725429,0.04133292773375847,51.0810629894906,1
2024-10-16,0.5686496376724248,0.33867352065859446,-0.2530010746521816,0.007375925246229986,-3.0181519153127994,0.9013251139625572,0.0330877700879033,53.377990430621914,1
2024-10-17,0.8093706012467505,0.5686496376724248,0.33867352065859446,0.01073540191272948,0.26510331126858944,1.0990164443591486,0.03226544690068043,62.05460434983813,1
2024-10-18,1.071446381375063,0.8093706012467505,0.5686496376724248,0.01638975493454997,4.757219160919142,1.192989899294006,0.0406698139734903,75.37646914789426,1
2024-10-21,0.04558002936856376,1.071446381375063,0.8093706012467505,0.011130007280381049,7.005051905477288,1.0668656387220665,0.0472670713984842,72.54266211604093,1
2024-10-22,1.0124019830021869,0.04558002936856376,1.071446381375063,0.014257087868010831,10.339783661021428,1.1142450757102687,0.05770269394440012,75.25224560108286,0
2024-10-23,-0.8778741310766613,1.0124019830021869,0.04558002936856376,0.0012817977671635283,8.99644957948793,0.900652477952852,0.062196016295860156,69.08305328852609,1
2024-10-24,0.5678379937798184,-0.8778741310766613,1.0124019830021869,0.0033565731877569505,8.725690151172223,0.9289086385123044,0.06787207762780201,71.95931477516056,1
2024-10-25,0.49139991837210406,0.5678379937798184,-0.8778741310766613,0.005812433472146994,8.921118315643525,0.9338332267155637,0.07373866005957393,75.33260575823712,0
2024-10-28,-0.30890127691570735,0.49139991837210406,0.5678379937798184,0.0009614613840196462,7.184114849158135,0.849371886281971,0.07522644314672389,75.89267015706821,1
2024-10-29,1.160281317003098,-0.30890127691570735,0.49139991837210406,0.010500921586328316,8.340668684932886,0.9377779224719042,0.08104008572021093,84.65812817701591,1
2024-10-30,0.44530360040042627,1.160281317003098,-0.30890127691570735,0.010247600583831229,9.285409076181423,0.9279401544289677,0.08710549281689756,83.58352219704044,0
2024-10-31,-0.9547047907072614,0.44530360040042627,1.160281317003098,-0.0010287737765287686,6.13254687980681,0.783243435389675,0.08827165942777268,72.78359212295362,0
2024-11-01,-0.4122108798689794,-0.9547047907072614,0.44530360040042627,-0.0049806321589365155,2.0847389786809885,0.7128066750972888,0.08733286509372411,71.40566403724301,1
2024-11-04,0.26084674150621545,-0.4122108798689794,-0.9547047907072614,-0.003349383714320253,-0.4626591812691174,0.7204117936669149,0.08529584979181801,71.19783254311471,1
2024-11-05,0.5117643243042869,0.26084674150621545,-0.4122108798689794,0.002066712213788735,-1.241976439377126,0.758322250012835,0.08172665901223239,71.08257264666655,0
2024-11-06,-2.7949558951995135,0.5117643243042869,0.26084674150621545,-0.019261430442482963,-10.017673135929357,0.3716800769666427,0.07152410437245604,50.653497381753205,1
2024-11-07,1.7122451254010018,-2.7949558951995135,0.5117643243042869,-0.0009097714484560537,-10.97567330465506,0.5888085301105934,0.06418180065400927,53.34393302070962,0
2024-11-08,-0.8110540205339523,1.7122451254010018,-2.7949558951995135,-0.006675255096442512,-13.786947040700674,0.4376466065800068,0.058978812353330426,49.66963678924714,0
2024-11-11,-2.393358858107175,-0.8110540205339523,1.7122451254010018,-0.022986585786457625,-21.859358071432,0.020157690398029553,0.057671340086977906,37.38698932771385,0
2024-11-12,-0.965118015054689,-2.393358858107175,-0.8110540205339523,-0.022027785122803456,-28.815616268569755,-0.09006495698130877,0.06201985434702434,37.24016521091466,0
2024-11-13,-0.8548962015960004,-0.965118015054689,-2.393358858107175,-0.023905765333504414,-34.327973419458225,-0.10977285303892367,0.07169092093269246,32.53893071413128,1
2024-11-14,0.40464780926128263,-0.8548962015960004,-0.965118015054689,-0.01070313409919832,-35.271293588904356,0.015866402448785642,0.07957801592726402,32.02264125665664,0
2024-11-15,-0.6824421365275057,0.40464780926128263,-0.8548962015960004,-0.008420976649908707,-36.05704606061221,0.019668193163153675,0.08942136781907925,31.256844892688306,1
2024-11-18,2.1637015577274044,-0.6824421365275057,0.40464780926128263,0.012969608180694703,-29.22292281770274,0.27042591146842804,0.09167307578450015,35.29104029788729,1
2024-11-19,1.0493096077185404,2.1637015577274044,-0.6824421365275057,0.01937461358350201,-20.73732627621703,0.3952653306951733,0.09132660301510945,37.61774085885928,1
2024-11-20,0.9781430528259305,1.0493096077185404,2.1637015577274044,0.02134979388964986,-11.775641386171923,0.5045477915769325,0.09118162170164368,43.74795854737658,1
2024-11-21,0.5520417286927204,0.9781430528259305,1.0493096077185404,0.018735978729496505,-4.085520747365316,0.5688047755006665,0.09070084188619708,46.834138296619145,1
2024-11-22,1.739942424235319,0.5520417286927204,0.9781430528259305,0.02324522282472752,5.653175565433587,0.754822810307047,0.09189066703495828,51.3429014217371,0
2024-11-25,-3.972908215857962,1.739942424235319,0.5520417286927204,-0.0178676300978855,0.4252510681765793,0.3297288237336032,0.09230630298860855,40.22460324576347,1
2024-11-26,0.8407599259381948,-3.972908215857962,1.739942424235319,-0.009673320258219209,-0.6816106607531305,0.4357098576826985,0.08901914441354787,48.872814799191055,1
2024-11-27,0.28648996213473943,0.8407599259381948,-3.972908215857962,-0.005537739279928511,-0.6124229498739808,0.48731108031114256,0.08340608350289604,44.747321703919255,0
2024-11-28,-0.0812133560350814,0.28648996213473943,0.8407599259381948,-0.003781062959315129,-0.7943242383184552,0.4937178394673169,0.07999077512401652,46.71211018420024,1
2024-11-29,0.5632517450109509,-0.0812133560350814,0.28648996213473943,0.006834197542144427,0.608477787331899,0.5776666385970826,0.07736861173219614,56.17230595150164,0
2024-12-02,-0.17700955473470836,0.5632517450109509,-0.0812133560350814,0.0021985197361396036,0.9391441708138402,0.5724959029099249,0.07357541715210286,59.20459815808657,1
2024-12-03,0.06936684406901872,-0.17700955473470836,0.5632517450109509,0.001574805388554923,1.2433221837257342,0.6094952856915318,0.06730998548140768,63.056221456193505,1
2024-12-04,0.4246661225262294,0.06936684406901872,-0.17700955473470836,0.00422575396185132,2.4706598128492576,0.666519907390136,0.06795774260809682,63.14971899326286,0
2024-12-05,-0.2987184319638181,0.4246661225262294,0.06936684406901872,7.089148404215706e-05,2.251910762030918,0.6375286586796833,0.0653301223233633,64.87770764596186,0
2024-12-06,-0.016540173719081785,-0.2987184319638181,0.4246661225262294,-9.499454372141614e-05,1.8976528346828907,0.6410429498026744,0.06450369439173118,58.21215986394561,1
2024-12-09,2.0756625435432996,-0.016540173719081785,-0.2987184319638181,0.016081816316967146,7.122483997816689,0.9060036427021037,0.06897397307357318,61.80436810197421,1
2024-12-10,1.232389882502738,2.0756625435432996,-0.016540173719081785,0.021604134939745334,13.345961084899272,1.0016145219847132,0.07469163981882967,62.68673715381252,1
2024-12-11,1.271132172131173,1.232389882502738,2.0756625435432996,0.02580556383097532,19.988678502461514,1.0741098340228523,0.08065354859144896,64.83479132005942,0
2024-12-12,-1.0894161325727403,1.271132172131173,1.232389882502738,0.007734101881042843,19.874837314384493,0.8927763683313273,0.08000462861017532,54.075449753315674,0
2024-12-13,-1.208268832965742,-1.0894161325727403,1.271132172131173,-0.008797100406799152,15.188118390604416,0.7241091889940882,0.0706932616597917,69.67682676270807,1
2024-12-16,0.10007164482654929,-1.208268832965742,-1.0894161325727403,-0.008349478375107355,11.499838303378827,0.7167619470285675,0.06804861530790125,67.24799624050323,0
2024-12-17,-0.20802404859587842,0.10007164482654929,-1.208268832965742,-0.008129618606008693,7.7531679796977855,0.6666916706482141,0.06698032097435277,64.61672061261547,0
2024-12-18,-2.0223403713832244,-0.20802404859587842,0.10007164482654929,-0.019492030092178814,-0.8546694449758263,0.36230112641075307,0.06708682861841657,52.920258620689694,1
2024-12-19,0.27580930431352346,-2.0223403713832244,-0.20802404859587842,-0.010679514389620559,-5.7325148982765555,0.40606991153201466,0.06731005059723139,51.6682154077614,1
2024-12-20,1.1018511759123495,0.27580930431352346,-2.0223403713832244,0.0017906452436364795,-5.763065189294302,0.5776806794270022,0.06608012768653866,57.05911089399118,1
2024-12-23,0.05823053702529446,1.1018511759123495,0.27580930431352346,0.004035043926445381,-5.56717242273821,0.5675537628414878,0.061735512921450256,57.02149332790053,0
2024-12-24,-0.466271550219044,0.05823053702529446,1.1018511759123495,0.0015290842219026768,-6.664741810883825,0.47624829254720596,0.059208814845672114,53.139390988578484,1
2024-12-25,0.21961059463253552,-0.466271550219044,0.05823053702529446,0.0013675172131439872,-6.622785853854758,0.4986428992292918,0.05708569918694438,55.414181847888294,1
2024-12-26,0.32624371665801455,0.21961059463253552,-0.466271550219044,0.002169324823873442,-5.560779141804751,0.5388619223327643,0.05444780589276935,56.730692754314795,0
2024-12-27,-0.2423751837585364,0.32624371665801455,0.21961059463253552,-4.616570503646056e-05,-5.459573381561185,0.48146706165066083,0.05287821067348635,46.4101901247914,0
2024-12-30,-0.6524121528668214,-0.2423751837585364,0.32624371665801455,-0.0049431488834593695,-7.074079121831062,0.3452313997147849,0.05119213249637023,36.039074601509085,1
2024-12-31,0.6726562646688805,-0.6524121528668214,-0.2423751837585364,0.001112819550521671,-6.048568797129477,0.45965287148515227,0.048980186089994736,31.427117372903936,0
2025-01-01,-0.019583249793675428,0.6726562646688805,-0.6524121528668214,0.0007579413491543008,-5.290941665142567,0.4437424991555589,0.0476229535849038,35.99742283855919,1
2025-01-02,1.2083366367108495,-0.019583249793675428,0.6726562646688805,0.010904754584794896,-1.368237291826345,0.6768349842680631,0.04582271754640688,52.0717891885236,0
2025-01-03,-0.7414131546691793,1.2083366367108495,-0.019583249793675428,0.0025000954057257108,-1.0249237377224283,0.49387466656538265,0.04282851777855594,46.73225779012738,0
2025-01-06,-0.40782882795056263,-0.7414131546691793,1.2083366367108495,-0.0029753121591369336,-2.00838799168665,0.4066767465713149,0.04295377108426185,45.62491349480958,1
2025-01-07,0.5710143779089627,-0.40782882795056263,-0.7414131546691793,0.00152022949663011,-1.082509411202162,0.5577089003107102,0.040654105571712555,63.457799825702175,1
2025-01-08,0.39952631566750885,0.5710143779089627,-0.40782882795056263,0.0034808615155415,0.530723201266861,0.7386294811265206,0.03130651099184429,64.12635735439301,1
2025-01-09,0.18465728761527522,0.39952631566750885,0.5710143779089627,0.00533432777741738,1.899322846231673,0.8548014903497727,0.02760543351097542,58.87744709743138,1
2025-01-10,0.739571693527008,0.18465728761527522,0.39952631566750885,0.009763118064077592,4.576523788646833,1.0370162777072398,0.031142211969950817,63.00770248719084,0
2025-01-13,-0.890118812107632,0.739571693527008,0.18465728761527522,-0.0012049531225295507,3.3908260674366204,0.7447149222177477,0.031248110340781857,59.212372448979565,1
2025-01-14,0.12299441794565436,-0.890118812107632,0.739571693527008,-0.0010701027832802357,2.6622977798983136,0.772032564366809,0.03194870265604011,58.677392259481735,1
2025-01-15,0.6819763716736649,0.12299441794565436,-0.890118812107632,0.004073341289089871,3.8006537022596056,0.9473007047144035,0.031287591850080065,60.661233276949105,1
2025-01-16,0.6993327152651441,0.6819763716736649,0.12299441794565436,0.008376470329341856,6.102064480017244,1.075122867304172,0.03352677805750531,65.97254402224286,0
2025-01-17,-0.4391907251648064,0.6993327152651441,0.6819763716736649,0.003615111606488197,5.815317019293339,0.8875352782112951,0.0355855174816127,67.66977600855566,1
2025-01-20,0.12192671610711248,-0.4391907251648064,0.6993327152651441,0.002473136814440835,5.481883197303752,0.8724335355806799,0.037535397248685175,65.26332588573257,1
2025-01-21,1.210256737711557,0.12192671610711248,-0.4391907251648064,0.01002310398065731,8.170189193799416,1.070934815365948,0.042611834477152645,70.45659726971799,1
2025-01-22,0.46236106072656824,1.210256737711557,0.12192671610711248,0.010546046309223733,10.515651254044698,1.0572851363976987,0.04846483168809992,67.68991413098767,0
2025-01-23,-0.0964426132808005,0.46236106072656824,1.210256737711557,0.007046574584311349,10.915350667888866,0.9591200131339607,0.05268269487380517,73.85017137261309,1
2025-01-24,0.5762957674701363,-0.0964426132808005,0.46236106072656824,0.008277363937088555,11.962267939404654,0.9859635404272069,0.057267181315840625,80.11130545396742,0
2025-01-27,-1.0975495426318704,0.5762957674701363,-0.0964426132808005,-0.004840129728952758,8.556589303628769,0.76560146668913,0.05485372495808097,67.05885822127885,1
2025-01-28,0.6741431025027111,-1.0975495426318704,0.5762957674701363,0.0008530635121717367,7.56328706628743,0.8514025823309328,0.055234635593126004,68.2416488983655,0
2025-01-29,-0.08451626209458052,0.6741431025027111,-1.0975495426318704,8.347286615739691e-05,5.970021692679339,0.8063998645674644,0.054152130800344624,66.77025782688774,1
2025-01-30,1.3114467198126034,-0.08451626209458052,0.6741431025027111,0.010430662010925573,8.041360807792003,0.9697101231569647,0.05934047848309323,69.11225827159186,1
2025-01-31,0.09102264271287908,1.3114467198126034,-0.08451626209458052,0.009566090327446153,8.814840262376322,0.9277909060377088,0.06157255960155461,77.41992567687161,1
2025-02-03,0.8304071052579021,0.09102264271287908,1.3114467198126034,0.012242874316619412,10.846994875107924,0.9967855871726428,0.06389517970888553,79.37833324354924,1
2025-02-04,0.7930656133421143,0.8304071052579021,0.09102264271287908,0.014301815926946126,13.448104741451132,1.0301896457759587,0.06914845238141788,79.73584606018923,1
2025-02-05,1.070074066978144,0.7930656133421143,0.8304071052579021,0.01683031603442542,17.06908711623042,1.0675415423824401,0.07770875522602248,80.68666279861782,0
2025-02-06,-0.43922288353378525,1.070074066978144,0.7930656133421143,0.0076611813131708395,16.662703697466974,0.9438453797669974,0.08164124697828873,80.46945758277155,1
2025-02-07,0.0984443627079834,-0.43922288353378525,1.070074066978144,0.003969917685078261,15.306983576049305,0.9007781665161405,0.08561133381562197,80.43056290806433,1
2025-02-10,1.9680316441331946,0.0984443627079834,-0.43922288353378525,0.016646495365773006,18.912646898474833,1.039540320593725,0.0929667813873671,82.14047438286528,0
2025-02-11,-0.3692633810280843,1.9680316441331946,0.0984443627079834,0.008245159862057205,18.473586673875815,0.9407577697003419,0.09549847577323593,77.97576291215805,1
2025-02-12,0.5840326122108497,-0.3692633810280843,1.9680316441331946,0.010438387480945499,18.343781886450017,0.9425143017146624,0.09948127987317633,80.04266361717097,1
2025-02-13,0.9112580988380747,0.5840326122108497,-0.3692633810280843,0.013205239788855572,19.37027789320605,0.9641783449380962,0.10605906641494157,80.77859911465063,0
2025-02-14,-1.64779766109574,0.9112580988380747,0.5840326122108497,-0.006257275162531606,13.257589928113475,0.7746646986506398,0.10343168421969445,76.03724305680157,1
2025-02-17,0.5345268542199522,-1.64779766109574,0.9112580988380747,-0.0009276791500933967,9.577673794384268,0.8001231585078116,0.10048310027764487,75.8061918756793,1
2025-02-18,1.2480178415460452,0.5345268542199522,-1.64779766109574,0.008300409109084583,9.75004860289117,0.8814449940397402,0.10271485213181376,78.90483438428643,1
2025-02-19,0.05360190119243491,1.2480178415460452,0.5345268542199522,0.006673927652770528,8.712133587845884,0.8468830240333932,0.10415917950724281,76.52775257565679,1
2025-02-20,0.10986688319161164,0.05360190119243491,1.2480178415460452,0.007221873644582821,7.12185437970939,0.823941402519221,0.10365371328532158,76.58157825920784,0
2025-02-21,-0.21008579025704188,0.10986688319161164,0.05360190119243491,0.0016593219777070178,4.2760866571740905,0.7750075524443926,0.10233851160093982,73.07143617587563,1
2025-02-24,0.5316619568427994,-0.21008579025704188,0.10986688319161164,0.0035310078783759025,3.0438966656960247,0.8057539162793739,0.09657136205860585,72.44001830504038,0
2025-02-25,-1.1093769860536007,0.5316619568427994,-0.21008579025704188,-0.006351095351435299,-2.136623014262753,0.669480634345999,0.08851181692619323,61.18406842628195,1
2025-02-26,0.07353793314157642,-1.1093769860536007,0.5316619568427994,-0.004404288993470118,-5.895061984657303,0.6624619138275247,0.0774396172262446,64.28443328550938,0
2025-02-27,-1.3572412166743208,0.07353793314157642,-1.1093769860536007,-0.013828644706934456,-12.888118952923804,0.4570123651076775,0.06894875314766072,55.773829522322615,0
2025-02-28,-0.6770717713153851,-1.3572412166743208,0.07353793314157642,-0.015509268662577402,-19.423219272054098,0.31367076329171795,0.05968664738581476,42.79765369632381,1
2025-03-03,1.1362171083736605,-0.6770717713153851,-1.3572412166743208,-0.000387013015702542,-19.88609485016015,0.4716299898089031,0.051702896973220544,50.617079089834256,1
2025-03-04,0.8044997588200875,1.1362171083736605,-0.6770717713153851,0.00773878057381272,-17.431331597661867,0.6078200400473445,0.045994557080360564,51.660846260050405,1
2025-03-05,0.21733218940573895,0.8044997588200875,1.1362171083736605,0.009720433469146528,-14.994978703665709,0.6365479750501114,0.04358039115275991,48.21533442088093,0
2025-03-06,-0.2622943923267895,0.21733218940573895,0.8044997588200875,0.004645957605848627,-14.117472502425471,0.5532840767666892,0.03832137916164584,56.31716673864987,1
2025-03-07,0.006748591758709566,-0.2622943923267895,0.21733218940573895,0.0009435196872664697,-13.414617037672542,0.5277035528969315,0.03201777695024852,53.38484478785417,0
2025-03-10,-1.012853090962762,0.006748591758709566,-0.2622943923267895,-0.008691964694885645,-15.913083535736227,0.2261362314694828,0.032881123166558446,38.55758219044173,1
2025-03-11,1.0428161788829104,-1.012853090962762,0.006748591758709566,0.0016844794312305122,-14.061796704531162,0.5273267592718085,0.03206263303309153,45.60583580613255,1
2025-03-12,0.8791959468434252,1.0428161788829104,-1.012853090962762,0.009192404781349861,-10.011844653643678,0.7740641244653587,0.03308521646482614,50.103209708517625,1
2025-03-13,1.6253994528358184,0.8791959468434252,1.0428161788829104,0.020399854781405935,-2.471394863962054,1.1137179859246105,0.039882842425132806,58.723479560335804,1
2025-03-14,0.018097909691427994,1.6253994528358184,0.8791959468434252,0.015416274488024184,1.9602410861064214,1.0192342123781446,0.04394213747229566,56.63437106203644,1
2025-03-17,0.17395524045302757,0.018097909691427994,1.6253994528358184,0.009687803365612035,4.690289175589903,0.974548915647297,0.04832259175318318,64.33335609733882,1
2025-03-18,1.048897938741078,0.17395524045302757,0.018097909691427994,0.012726140902996175,8.921196394659638,1.0640447164670754,0.05685528303181582,67.82090778393919,1
2025-03-19,0.8696129095163707,1.048897938741078,0.17395524045302757,0.013980987588473548,13.321640247809121,1.077262493648185,0.06756944234364645,80.17839871037071,0
2025-03-20,-0.24870662485977357,0.8696129095163707,1.048897938741078,0.007718188664935344,14.04712279156147,0.9617999980216061,0.07489335525535919,83.66152327980632,0
2025-03-21,-0.7532291342811193,-0.24870662485977357,0.8696129095163707,-0.0020126091567425064,10.806274665497114,0.8221992651625695,0.07842693309752817,74.4004461795873,0
2025-03-24,-0.3899488001497198,-0.7532291342811193,-0.24870662485977357,-0.006915489073121783,6.382320666006322,0.7509263505783366,0.08062494068289613,68.58100721521751,1
2025-03-25,0.31101563042439384,-0.3899488001497198,-0.7532291342811193,-0.0033906819547629974,3.629510840032168,0.7627197088473022,0.08234928097601461,68.95210658984519,0
2025-03-26,-0.043158818344124494,0.31101563042439384,-0.3899488001497198,-0.0015633458040392734,0.9529397898400163,0.7335661774622162,0.08344904459496975,70.70901033973422,1
2025-03-27,1.190638639339947,-0.043158818344124494,0.31101563042439384,0.009704764142162814,2.328366136124913,0.8420013478429084,0.0836293745770847,74.3765344359737,1
2025-03-28,0.9817990793872466,1.190638639339947,-0.043158818344124494,0.015442088424161282,5.548342025271424,0.921027443501494,0.08265636323175622,84.74488808617689,1
2025-03-31,1.1221376023726304,0.9817990793872466,1.190638639339947,0.019546477040304655,10.2229124142724,0.986450444055366,0.08728931727656636,84.98221996443996,0
2025-04-01,-0.15334551424951437,1.1221376023726304,0.9817990793872466,0.011735640517119172,11.451409768741811,0.9121438886671543,0.09082541504878057,82.04642889719958,1
2025-04-02,1.5152801274446182,-0.15334551424951437,1.1221376023726304,0.01761481309689139,15.82462066527826,0.9973548214676211,0.09848587318536942,82.00498274325152,0
2025-04-03,-1.5035517813354993,1.5152801274446182,-0.15334551424951437,-0.0015084306131774028,12.070532992658869,0.8062284403513852,0.09735628198528688,69.6371242338749,0
2025-04-04,-2.468426528625889,-1.5035517813354993,1.5152801274446182,-0.023187371871124518,0.3469555809164433,0.5260510842640621,0.09115115834597458,55.42092241324625,0
2025-04-07,-0.2669964818810877,-2.468426528625889,-1.5035517813354993,-0.02011616325543497,-8.620597565001376,0.46645123759453994,0.07924460132287992,50.34339616273769,0
2025-04-08,-0.3214970722252186,-0.2669964818810877,-2.468426528625889,-0.01722214084286089,-15.540102863574788,0.3921143814434555,0.07001785619519156,45.17537656459941,1
2025-04-09,4.389639002180767,-0.3214970722252186,-0.2669964818810877,0.026567417138765315,-6.009096748470327,0.9664796102167259,0.06954851193086825,61.27303705437844,1
2025-04-10,2.697451962182229,4.389639002180767,-0.3214970722252186,0.045889390767612115,8.414368842102647,1.1601276868873165,0.08485068723906446,70.05805598666433,1
2025-04-11,1.5352385004311575,2.697451962182229,4.389639002180767,0.04510207800109023,21.462090337698413,1.151732277576962,0.10289713317687127,74.09796996274864,0
2025-04-14,-1.4603960859065457,1.5352385004311575,2.697451962182229,0.016297446436281504,22.773995740176417,0.9353647077106978,0.1087345003619841,67.88354201236984,1
2025-04-15,1.1549544966152459,-1.4603960859065457,1.5352385004311575,0.01173776667248938,25.474351864925154,0.9658355480854448,0.11845342997831211,69.87569677229428,1
2025-04-16,3.302756081357505,1.1549544966152459,-1.4603960859065457,0.030367614466779935,36.19394766121799,1.0967493026116912,0.1411728841014825,72.90022210832045,0
2025-04-17,-0.6398319941430364,3.302756081357505,1.1549544966152459,0.016001604990330875,37.816486497278774,0.9659317657822364,0.15422926364170234,69.53865034916683,0
2025-04-18,0.0,-0.6398319941430364,3.302756081357505,0.011359639698679036,35.81357680048467,0.9080243597654252,0.16195152775581617,67.98063121173027,1
2025-04-21,1.9874390923967145,0.0,-0.6398319941430364,0.019756927813264547,38.49865570697415,0.9643128491461731,0.1725071061891221,71.31717790389962,0
2025-04-22,-1.8877564740366282,1.9874390923967145,0.0,-0.0047399311924353205,30.236592494595186,0.8120614959601875,0.17299951311757716,63.42302064704926,0
2025-04-23,-0.7374720204650242,-1.8877564740366282,1.9874390923967145,-0.009479288262041585,19.62158746729105,0.7426347819782507,0.16888304050816205,65.38751634206028,1
2025-04-24,0.98869926496441,-0.7374720204650242,-1.8877564740366282,-0.00029666193368194094,14.046866266895336,0.7748610847176621,0.16765040750005297,74.33150313747859,0
2025-04-25,-0.894989154408421,0.98869926496441,-0.7374720204650242,-0.008074423791034846,5.330423753091509,0.6976755953337819,0.16484384973100408,72.02611782386015,1
2025-04-28,0.3669302924406814,-0.894989154408421,0.98869926496441,-1.612596430533575e-05,-0.5037979222445017,0.6994094759291791,0.1635559640010527,73.48830404323803,0
2025-04-29,-0.7286121368163534,0.3669302924406814,-0.894989154408421,-0.005276604933669882,-8.035064322292783,0.6359017967534047,0.159625485789088,64.72944469232951,0
2025-04-30,-1.2212973884984657,-0.7286121368163534,0.3669302924406814,-0.014480480708347176,-17.90167683692053,0.546102388767342,0.15692666583000242,54.70738191883938,0
2025-05-01,-0.8461922284120904,-1.2212973884984657,-0.7286121368163534,-0.016284904434602288,-27.341500558013223,0.47642747084490217,0.1503726397819888,47.71982150175308,0
2025-05-02,-0.2911935164679802,-0.8461922284120904,-1.2212973884984657,-0.013784607859001263,-34.05297245149161,0.4275928141627658,0.1339990389002197,51.38265793925133,1
2025-05-05,2.673194336805107,-0.2911935164679802,-0.8461922284120904,0.013532248668550961,-28.613849294041458,0.6067610335209696,0.11229769250270302,55.7530120481928,1
2025-05-06,1.9945799857135516,2.673194336805107,-0.2911935164679802,0.029029461128740275,-17.889967947010646,0.8186655628453896,0.08209752000610436,52.14117647058828,0
2025-05-07,-0.7781504171435083,1.9945799857135516,2.673194336805107,0.01551721462358091,-14.040276459581321,0.7155579711907614,0.06818161112285326,51.64945496270794,0
2025-05-08,-1.8044551978824597,-0.7781504171435083,1.9945799857135516,-0.006185929927653433,-18.247895146833855,0.4231978442838215,0.06291820614473971,46.17505316136477,1
2025-05-09,0.2728909769978527,-1.8044551978824597,-0.7781504171435083,-0.007937613503144259,-19.973410524875405,0.4555841854916112,0.061454057320537374,40.167011141995076,0
2025-05-12,-2.9101208501078113,0.2728909769978527,-1.8044551978824597,-0.03052662805731199,-30.999168240803584,-0.006711830744353195,0.062436815670283086,37.82142337848265,1
2025-05-13,0.44795603408578355,-2.9101208501078113,0.2728909769978527,-0.016694795590278866,-35.6513078307173,0.0881847560848726,0.06520103136783131,41.229980051296685,0
2025-05-14,-2.2169092851784256,0.44795603408578355,-2.9101208501078113,-0.02632497335433548,-44.95366849629518,-0.09064781199654179,0.07687454701621618,32.74432253125798,1
2025-05-15,1.1531531531531636,-2.2169092851784256,0.44795603408578355,-0.008485478289504411,-45.31422365076739,0.1079739025408356,0.08207454919637984,38.64434583271997,0
2025-05-16,-1.107637971124431,1.1531531531531636,-2.2169092851784256,-0.010094630933989213,-47.4370500126315,0.05181571119074238,0.08963209260965942,35.14653237060861,1
2025-05-18,0.9670378196425133,-1.107637971124431,1.1531531531531636,0.0010849798462593263,-43.56804167522932,0.18235396863355297,0.08686206191296884,39.78659299520539,0
2025-05-19,-0.5340371984531411,0.9670378196425133,-1.107637971124431,-0.0006826212192286851,-41.01008657494748,0.16266248331674385,0.08947785185144752,41.3735674657285,1
2025-05-20,1.8251666255245658,-0.5340371984531411,0.9670378196425133,0.012933126599758538,-31.498108730368543,0.3754877425306457,0.08893445345080062,48.721375746235424,1
2025-05-21,0.787322535189916,1.8251666255245658,-0.5340371984531411,0.01698773076482052,-21.441130605478214,0.47948157805936775,0.08521680873442214,51.50503286076874,0
2025-05-22,-0.516772558061751,0.787322535189916,1.8251666255245658,0.00669929793335311,-15.928777641115568,0.43317699374937124,0.08340431180497372,42.53309768289113,1
2025-05-23,1.7587868507496385,-0.516772558061751,0.787322535189916,0.017671296950481086,-5.820520995121429,0.6554570240609711,0.08092786926104426,41.568177809137445,0
2025-05-25,-0.4594308626162502,1.7587868507496385,-0.516772558061751,0.006263874632433719,-0.8698161882474569,0.6062362769890215,0.07952508119934437,42.4269703380295,0
2025-05-26,-0.07776441299057746,-0.4594308626162502,1.7587868507496385,0.0025367556395943236,1.904060926027249,0.595410851105942,0.07961874301135269,47.506488924728494,0
2025-05-27,-1.1106383137557962,-0.07776441299057746,-0.4594308626162502,-0.007750477616535245,-0.3678758628761738,0.4557153706289639,0.0796648061964634,43.21239444682988,0
2025-05-28,-1.5358571113128439,-1.1106383137557962,-0.07776441299057746,-0.02017534074104954,-7.078186216146776,0.2768987948566336,0.08139025348191833,47.527908593616814,1
2025-05-29,1.6652323332611463,-1.5358571113128439,-1.1106383137557962,-0.000746401935746821,-5.464524844881225,0.49226919265660757,0.07875848743942401,51.55332162538603,0
2025-05-30,-0.781460624376662,1.6652323332611463,-1.5358571113128439,-0.004819403782681642,-6.895416094577195,0.4137311865960644,0.06747696690748829,56.74728029010238,1
2025-06-01,0.6316125501641734,-0.781460624376662,1.6652323332611463,0.0038284517004367746,-5.377306901939592,0.5413439133611192,0.057109517849624994,55.17684443216354,1
2025-06-02,2.1590042220862804,0.6316125501641734,-0.781460624376662,0.021179716154205108,3.0974653496438105,0.912492148636368,0.057893573360702714,65.83409157898785,0
2025-06-03,-0.8252777110326681,2.1590042220862804,0.6316125501641734,0.007111806838145718,5.334847547833942,0.7873473589446388,0.055267742626917866,59.840264247835535,1
2025-06-04,0.5332066012505576,-0.8252777110326681,2.1590042220862804,0.009069213124824893,8.208590081547808,0.8433721380073563,0.058108906013820655,63.46867749419953,0
2025-06-05,-0.5207387111485162,0.5332066012505576,-0.8252777110326681,-5.553000595526214e-05,7.693374037283906,0.7320792286505258,0.05946936520241511,56.08036658442015,0
2025-06-06,-1.592569747138095,-0.5207387111485162,0.5332066012505576,-0.015420763401248871,1.402278758914795,0.4366387339317672,0.05470337847522272,47.292668029848386,1
2025-06-08,0.2423916480927879,-1.592569747138095,-0.5207387111485162,-0.008717130519132588,-1.9117085461998684,0.46723644455236524,0.05290517880045666,49.967499052055715,1
2025-06-09,0.2727868654257781,0.2423916480927879,-1.592569747138095,-0.0038603589739740762,-3.0769594200708585,0.49197452586685436,0.04668567810717614,44.00169756127133,0
2025-06-10,-0.15712280635650222,0.2727868654257781,0.2423916480927879,-0.0018796178235984673,-4.281092919329099,0.43654698609320103,0.043457106536663494,45.12403630937574,1
2025-06-11,1.0685691966012545,-0.15712280635650222,0.2727868654257781,0.009163456806498882,-1.290483532159012,0.6680295293665185,0.03737521117968843,49.860596131183314,1
2025-06-12,1.353001359162409,1.0685691966012545,-0.15712280635650222,0.017144932065553453,5.18634981260673,0.9563945112384488,0.04047297243569296,59.17350941053639,1
2025-06-13,1.12991852576394,1.353001359162409,1.0685691966012545,0.021117408461098774,12.786643149617142,1.0857463884221177,0.048405841739253413,69.80137642651796,1
2025-06-15,0.31074398229522515,1.12991852576394,1.353001359162409,0.016757798249150913,17.83769000905768,1.0346663510347958,0.0551637933425233,66.39468752019641,0
2025-06-16,-0.1737753558581523,0.31074398229522515,1.12991852576394,0.0076265641238066895,19.28601424944769,0.9427380769515492,0.06018328893712935,70.00034069228667,0
2025-06-17,-0.6586582362292925,-0.1737753558581523,0.31074398229522515,-0.002851588147267492,16.656238906892657,0.8020857162571406,0.06270284982155065,64.01416925136859,1
2025-06-18,0.3799440795557052,-0.6586582362292925,-0.1737753558581523,-0.0010099092102188179,15.205338113995445,0.8284666834076183,0.06585817204509098,57.229765118246604,1
2025-06-19,0.09813793304731533,0.3799440795557052,-0.6586582362292925,6.487939721955271e-05,13.553858133127932,0.8083308778395291,0.06758659580897608,63.322760581865936,1
2025-06-20,0.0074715806584357836,0.09813793304731533,0.3799440795557052,0.0008414708341175636,11.515166539120742,0.7873109494221102,0.06387609357036284,60.91152815013402,1
2025-06-22,0.38047548502424533,0.0074715806584357836,0.09813793304731533,0.004238812957364946,10.620751974195713,0.812676527333282,0.06489208548210815,66.90377957983591,0
2025-06-23,-1.1046063081461388,0.38047548502424533,0.0074715806584357836,-0.0063675354909124016,5.25041026628903,0.6202277746910234,0.06065696249965178,71.04978218719305,0
2025-06-24,-1.8164797444887082,-1.1046063081461388,0.38047548502424533,-0.019655495489155017,-5.087891590459719,0.30324450036986905,0.05839113375423887,55.73465207225469,1
2025-06-25,0.1592838955007947,-1.8164797444887082,-1.1046063081461388,-0.013392548024155349,-11.12734491532406,0.3404039944463092,0.059090370208490735,55.18570500869348,0
2025-06-26,-0.6547879032227977,0.1592838955007947,-1.8164797444887082,-0.013841913951343376,-16.912853812484506,0.24314981582018622,0.060435635665691115,52.25843565888401,0
2025-06-27,-1.363487762993243,-0.6547879032227977,0.1592838955007947,-0.017863924518333518,-24.58988572715852,0.08010956119742808,0.06584365878069338,39.767330064416946,0
2025-06-29,-0.33620264352425266,-1.363487762993243,-0.6547879032227977,-0.013200305536433254,-29.489133505197895,0.08377267224123157,0.07138413515160223,28.87603980826688,1
2025-06-30,0.9265771688939273,-0.33620264352425266,-1.363487762993243,-0.0014843556478313369,-28.1030195283099,0.2097395500999904,0.07138735362631715,26.85412383668242,1
2025-07-01,0.48687280329657856,0.9265771688939273,-0.33620264352425266,0.005320305827593463,-24.23910069520479,0.27332054171801434,0.07089405343012184,28.22654114788959,1
2025-07-02,0.14435534783796555,0.48687280329657856,0.9265771688939273,0.007090937828455379,-20.121357809693283,0.29196517757355017,0.07068637729554463,30.012415325303394,0
2025-07-03,-0.5534426920536406,0.14435534783796555,0.48687280329657856,0.00019835141208024432,-18.380241964968583,0.2192411395230196,0.07131351910411757,30.463620083571115,1
2025-07-04,0.2034212617795017,-0.5534426920536406,0.14435534783796555,-0.00015860458178429404,-15.615212407833571,0.2604709083715256,0.0729502644487356,28.8915014356448,0
2025-07-06,-0.2711813194595347,0.2034212617795017,-0.5534426920536406,-0.0028831666119111254,-13.920232301396085,0.24891681326480058,0.07484952553430624,27.12446542134775,1
2025-07-07,0.8507874470506493,-0.2711813194595347,0.2034212617795017,0.004857576373907602,-9.169315805416455,0.37765667828781563,0.07302672850873412,33.66813900486082,0
2025-07-08,-1.003582479646703,0.8507874470506493,-0.2711813194595347,-0.0036652477594859567,-9.009531517934846,0.2647007043129205,0.07111748858314175,27.641091638593537,1
2025-07-09,0.3609314040667888,-1.003582479646703,0.8507874470506493,-0.00032985430867937815,-7.089717291833743,0.33402378270198024,0.06799428670490652,33.927984215718595,0
2025-07-10,-0.020032126996127886,0.3609314040667888,-1.003582479646703,-0.00034465400819017056,-5.433328198012731,0.34990904876178563,0.06597845408615047,42.474141923532166,1
2025-07-11,0.930546419579481,-0.020032126996127886,0.3609314040667888,0.006725113122171944,-0.8071055596615899,0.5104939187148713,0.06136826250285047,47.92836015557679,1
2025-07-13,0.3726822069528568,0.930546419579481,-0.020032126996127886,0.009196475814059246,3.5681044510510596,0.6003649480702221,0.05557933706427107,54.48948550182277,0
2025-07-14,-0.7491272620751221,0.3726822069528568,0.930546419579481,-0.00013157597948909583,3.716245727180606,0.4922060265868724,0.04813745688507663,59.116745684574404,0
2025-07-15,-0.5181015975425973,-0.7491272620751221,0.3726822069528568,-0.005325371715908078,2.0021707136503792,0.39972185727924486,0.035137642978774045,57.62101715686269,1
2025-07-16,0.47979349415896433,-0.5181015975425973,-0.7491272620751221,-0.0015592743966166278,2.5853311985615903,0.597768360367996,0.025474998895915642,54.966222632192896,0
2025-07-17,-0.20706192110584443,0.47979349415896433,-0.5181015975425973,-0.0023741893951871873,2.2489286970794886,0.533765023665983,0.024218109100442024,49.98445844754011,1
2025-07-18,0.29041279700880995,-0.20706192110584443,0.47979349415896433,0.0019516937900514453,3.034733620278004,0.6809661983051813,0.022453413206425774,51.05629908195987,0
2025-07-20,-0.10504260896525563,0.29041279700880995,-0.20706192110584443,0.0010258704646470829,3.135635511985619,0.6376490867272248,0.02229160328652985,54.65632585400509,1
2025-07-21,1.1632675327215791,-0.10504260896525563,0.29041279700880995,0.009399716957404713,7.098042332054712,1.06159546550605,0.024060054138972928,60.612995294541065,1
2025-07-22,0.5543055839640099,1.1632675327215791,-0.10504260896525563,0.011559861067671928,11.212792072024191,1.171646266529493,0.025976343594701183,65.6692056583243,0
2025-07-23,-1.058488713337069,0.5543055839640099,1.1632675327215791,-0.000800783153972473,9.626441565567909,0.7326077633121238,0.025865363054661673,52.94597643218857,0
2025-07-24,-0.6672311030619715,-1.058488713337069,0.5543055839640099,-0.007212636796701588,5.902602859262055,0.4699405567077902,0.025784488370697346,55.30181490023066,0
2025-07-25,-0.8958054628892764,-0.6672311030619715,-1.058488713337069,-0.014305331871647842,0.2607161356969261,0.1587695211987391,0.027224587492169258,47.15321637426899,0
2025-07-27,-0.10897713378746898,-0.8958054628892764,-0.6672311030619715,-0.011068160365211965,-3.616157542261792,0.14120530544900567,0.028299530838194198,46.64260261927906,0
2025-07-28,-1.2371184965275561,-0.10897713378746898,-0.8958054628892764,-0.015479260254299576,-9.96285950585714,-0.120554341129178,0.03462688151857281,34.00366038746536,1
2025-07-29,0.162422324987066,-1.2371184965275561,-0.10897713378746898,-0.008405586704998358,-12.809677193398658,0.004401303273592886,0.03873027016868908,32.27129048513453,0
2025-07-30,-1.0957256516618497,0.162422324987066,-1.2371184965275561,-0.012989015017590089,-17.462546938099592,-0.10306011941973225,0.046944394203849917,31.06999514841442,0
2025-07-31,-0.24437908674486142,-1.0957256516618497,0.162422324987066,-0.010391814817413025,-20.127008169187093,-0.04116292010004531,0.05437752304273204,32.13145411421277,1
2025-08-01,2.4795722041766943,-0.24437908674486142,-1.0957256516618497,0.014104412581432024,-12.430895137647713,0.4068128562528178,0.054602874759358676,44.93357018615149,0
2025-08-03,-0.03876491926825265,2.4795722041766943,-0.24437908674486142,0.011212347576623705,-6.872176481869825,0.4053193226186642,0.05483635499169735,45.69197478596293,1
2025-08-04,0.012166259540546953,-0.03876491926825265,2.4795722041766943,0.009150291192710602,-2.7578380105599614,0.420163661413934,0.054249907082398165,44.139506077262574,1
2025-08-05,0.13913466601027658,0.012166259540546953,-0.03876491926825265,0.005897829507095054,0.6680981871131344,0.46038649790646513,0.052633160342054286,45.40421673964618,0
2025-08-06,-0.3412794372495642,0.13913466601027658,0.012166259540546953,-0.0019283066828827966,1.8668543141669645,0.40759027362715555,0.05238018712191866,36.56938151933421,1
2025-08-07,1.06924575701417,-0.3412794372495642,0.13913466601027658,0.007055845173729924,6.332726647132489,0.6076736534077698,0.05256687873272662,39.90376936591596,0
2025-08-08,-0.06312929067173734,1.06924575701417,-0.3412794372495642,0.004788986014250929,8.801309330686557,0.5986399315728812,0.052299615490195454,44.71464686010872,0
2025-08-10,-0.18026783727622675,-0.06312929067173734,1.06924575701417,0.0017413327913664567,9.472254715913202,0.5664982286460528,0.05212897862307654,47.49198051562308,0
2025-08-11,-1.365973636387674,-0.18026783727622675,-0.06312929067173734,-0.010179247725991325,4.955156213696043,0.322060132338463,0.05225809808177197,44.85916283245432,0
2025-08-12,-0.03600601377038437,-1.365973636387674,-0.18026783727622675,-0.009372816175965415,1.9064703389211317,0.3328012290279756,0.05231602535267682,45.2511942765288,1
2025-08-13,0.09004745692569038,-0.03600601377038437,-1.365973636387674,-0.005369762320809768,0.35354919879525326,0.3686293881124995,0.048748713474579486,53.65066876475219,0
2025-08-14,-0.8550640580226143,0.09004745692569038,-0.03600601377038437,-0.009206848992755812,-3.331932764002506,0.19994590875992307,0.04251742932277299,46.97387014106765,1
2025-08-15,0.012935611545517034,-0.8550640580226143,0.09004745692569038,-0.004757410855703692,-5.259776455179658,0.2219066263147859,0.039643907602652656,54.489575546141765,0
2025-08-17,-0.27219183926396884,0.012935611545517034,-0.8550640580226143,-0.0053536126006857865,-6.9155045770163,0.1840490185234803,0.0389764278418387,54.26121481154705,1
2025-08-18,0.28087114576458294,-0.27219183926396884,0.012935611545517034,-0.0010639984049665152,-6.472294732021378,0.2781817510137986,0.039311851858594586,33.609476928002536,0
2025-08-19,-0.337027900350928,0.28087114576458294,-0.27219183926396884,-0.002081220157838737,-6.762244068390178,0.22325342537312487,0.04022084787970117,31.655923706132853,1
2025-08-20,1.2432405212352338,-0.337027900350928,0.28087114576458294,0.008461545881603971,-2.270398979848892,0.5216712657068762,0.03996575712662157,44.863763532417,0
2025-08-21,-0.4331099552159823,1.2432405212352338,-0.337027900350928,0.0031455086877330007,-0.5530007772479628,0.4132341271468772,0.039967190729236005,40.73977219897725,1
2025-08-22,1.0160106212305564,-0.4331099552159823,1.2432405212352338,0.009776735349397603,4.1561693877103245,0.647611887383087,0.037936905228500316,50.939165303645844,0
2025-08-24,-0.24326920333614943,1.0160106212305564,-0.4331099552159823,0.004843009325446568,6.293283043189266,0.5617659778723628,0.03405226147465896,40.7941377975039,0
2025-08-25,-0.2509171058351578,-0.24326920333614943,1.0160106212305564,-0.0003015376125176106,6.668294277641056,0.4965513562570804,0.03366766449842818,39.63591109053027,1
2025-08-26,1.2632846547901089,-0.2509171058351578,-0.24326920333614943,0.00961188461622009,10.961546609636937,0.8454788350999851,0.035183265558016874,50.501181445093856,1
2025-08-27,0.23651818056551477,1.2632846547901089,-0.2509171058351578,0.00794478134008969,14.042559515031755,0.8776515922395463,0.03726469282989338,62.98244076314015,1
2025-08-28,0.2875587075488406,0.23651818056551477,1.2632846547901089,0.008242786000327351,16.345107010388837,0.9116830469209908,0.039921854559862226,64.90468424900176,1
2025-08-29,1.0855339133112762,0.2875587075488406,0.23651818056551477,0.01386906129582699,20.716573737280516,1.0588170161856192,0.04682700094396366,69.4644910340778,1
2025-08-31,0.036966173165153826,1.0855339133112762,0.2875587075488406,0.008406115049852225,22.546120191160902,0.9997474508368434,0.05158092733957233,78.10647654948228,1
2025-09-01,0.8122125270876746,0.036966173165153826,1.0855339133112762,0.01162062256156804,25.299532710662362,1.0539660154531123,0.05933819534333465,80.41108612767613,1
2025-09-02,1.420511583100481,0.8122125270876746,0.036966173165153826,0.01855359710180715,30.56023901338233,1.1245270093639597,0.07274347387802713,86.01169045702906,1
2025-09-03,0.9120710478283334,1.420511583100481,0.8122125270876746,0.019138199583714544,35.33034544466909,1.0939159190446925,0.0869158552658748,86.99521549941915,0
2025-09-04,-0.19077203281997468,0.9120710478283334,1.420511583100481,0.011167427170499122,35.58098120243267,0.981359181244208,0.09635932387997848,88.18633614753615,1
2025-09-05,1.0148275171887766,-0.19077203281997468,0.9120710478283334,0.013418540292343906,37.17279066082483,0.9954037041346083,0.10748337414086952,87.99683646982484,1
2025-09-07,0.13191599503752371,1.0148275171887766,-0.19077203281997468,0.008174759110244567,36.317006636522265,0.9401509786091091,0.11448735635292975,92.35147634293858,1
2025-09-08,0.42410650617530354,0.13191599503752371,1.0148275171887766,0.007846677587392437,34.93581593001464,0.9190934755724327,0.12023780224293733,91.85569766923672,0
2025-09-09,-0.502731115186128,0.42410650617530354,0.13191599503752371,0.0010412424898376127,29.89255054023168,0.8377034565821632,0.12096920366454823,88.78335594753521,1
2025-09-10,0.5714632349136606,-0.502731115186128,0.42410650617530354,0.003493840650531377,26.601608832554106,0.8479515885541915,0.12180667790422398,91.94503083736923,0
2025-09-11,-0.10821474062167047,0.5714632349136606,-0.502731115186128,0.001381451277878032,22.0875082941602,0.8095641716055245,0.11878395892297715,89.36175240435765,1
2025-09-12,0.18700584637461048,-0.10821474062167047,0.5714632349136606,0.002116011878941171,18.054337956659566,0.7955691389630442,0.11762271136813592,89.31123720886086,0
2025-09-14,-0.1391505963976747,0.18700584637461048,-0.10821474062167047,0.0007112511981492986,13.319912656314244,0.7600103710125571,0.11260139150566356,87.22236991565399,1
2025-09-15,1.0783666340050235,-0.1391505963976747,0.18700584637461048,0.008301536922910246,12.741673690940814,0.8257754549320327,0.11125072448214872,87.31251949797256,1
2025-09-16,0.2894137439917621,1.0783666340050235,-0.1391505963976747,0.008583311992794274,11.944515214752002,0.8246639139763398,0.10735397327518943,87.7388682745829,0
2025-09-17,-0.5545681390360269,0.2894137439917621,1.0783666340050235,0.0012838962177426083,7.951886115802466,0.754620585091766,0.09802572409570925,79.82964712619024,0
2025-09-18,-0.6921895800023892,-0.5545681390360269,0.2894137439917621,-0.005590782508545278,1.6600072434072644,0.664234762450033,0.08970269505268585,67.52071750760544,1
2025-09-19,1.184977401560694,-0.6921895800023892,-0.5545681390360269,0.0036063420689140813,1.026657189528251,0.7819954932618395,0.0819457240045643,68.87643555399217,1
2025-09-21,0.06816668419022953,1.184977401560694,-0.6921895800023892,0.0037178314946306745,-0.04585908852885723,0.7803899858578122,0.07234387882793529,71.05209345125519,1
2025-09-22,1.6189503877950928,0.06816668419022953,1.184977401560694,0.016672693532472138,4.314383657538798,0.9716964884475214,0.06981211191725366,73.50195371908578,1
2025-09-23,0.4132388065360093,1.6189503877950928,0.06816668419022953,0.015612799232536778,7.471774585526617,1.0053036785960718,0.06557999754425803,74.49209423847944,0
2025-09-24,-0.538020086083224,0.4132388065360093,1.6189503877950928,0.0046920310707943,6.161664622570754,0.9063507673804049,0.0596801306200187,67.97625902467125,0
2025-09-25,-0.013286009831636747,-0.538020086083224,0.4132388065360093,0.001495987656027875,4.057590259651306,0.8735469891694343,0.05758168713086857,72.39321682115164,1
2025-09-26,0.39949609995166835,-0.013286009831636747,-0.538020086083224,0.0017759377481645355,3.083443896954293,0.897988776918707,0.05837155603198348,71.80265471802673,1
2025-09-28,0.2177743019448508,0.39949609995166835,-0.013286009831636747,0.003001459444172516,2.192743967320112,0.8974152153580707,0.05761557347341863,73.68857901726439,1
2025-09-29,1.555237693418543,0.2177743019448508,0.39949609995166835,0.01530371492141347,6.374456854794786,1.0551521103761634,0.0646757056546748,77.89091923559785,1
2025-09-30,0.3610693597689618,1.555237693418543,0.2177743019448508,0.013854886231610797,9.07915474839703,1.0158256799931038,0.07099974558617349,79.99456690468804,1
2025-10-01,0.021034280829534957,0.3610693597689618,1.555237693418543,0.00893419716137167,9.410960722645683,0.9479157104012238,0.07599513807609058,77.38340718641695,0
2025-10-02,-0.23957213493430718,0.021034280829534957,0.3610693597689618,0.0027133861963959394,7.228105099281052,0.8723623961409459,0.07695772783219544,74.13253383889595,1
2025-10-03,0.6320735148043211,-0.23957213493430718,0.021034280829534957,0.004412759297580893,6.867712461430713,0.9032660683445647,0.0798516223973405,81.3529808675968,1
2025-10-05,0.34220576923398305,0.6320735148043211,-0.23957213493430718,0.0056057795725110715,6.564114442897107,0.8981790792963892,0.08174147116686534,89.47655150497106,1
2025-10-06,1.4177657454835568,0.34220576923398305,0.6320735148043211,0.015435676432048906,10.411393142987606,0.9952888009922202,0.08744123140588153,89.8909725250762,1
2025-10-07,0.597284799620601,1.4177657454835568,0.34220576923398305,0.015900854396108777,13.532135761884405,0.9912182010807712,0.09216457200004466,90.55766018982435,1
2025-10-08,0.47963986085532984,0.597284799620601,1.4177657454835568,0.013748082515581128,15.5582535640863,0.9689717134689141,0.09875614945740398,89.16392024869683,0
2025-10-09,-0.6226733245900617,0.47963986085532984,0.597284799620601,0.0030404483222448153,12.44764022644614,0.859317640345636,0.10119720802170079,80.86728346189506,1
2025-10-10,0.7060852515561766,-0.6226733245900617,0.47963986085532984,0.004989527848462849,11.439854018339105,0.8869482476189078,0.1022964240001703,88.26990458141422,1
2025-10-12,0.46753162187240793,0.7060852515561766,-0.6226733245900617,0.006423438129359305,10.861051717673263,0.8986653949012442,0.09974407787578321,89.11030846514701,1
2025-10-13,2.5806838398994225,0.46753162187240793,0.7060852515561766,0.024970137572777995,18.888111469984324,1.060769682700146,0.10881079566446124,91.50940342472393,1
2025-10-14,0.7283336150209374,2.5806838398994225,0.46753162187240793,0.02450851866703685,24.623710433225654,1.0388257724129837,0.11656754459062425,91.94534008905254,1
2025-10-15,1.0058021013015672,0.7283336150209374,2.5806838398994225,0.02358761169670931,29.716906653261532,1.026793618033436,0.12874199282968074,91.60317561943774,1
2025-10-16,3.749646801653106,1.0058021013015672,0.7283336150209374,0.04405763028886711,45.39270988390419,1.1431167348289117,0.1555813034195555,93.79098118120477,0
2025-10-17,-2.683512254102405,3.749646801653106,1.0058021013015672,0.0056171296631331025,39.91861167575132,0.9009820370770638,0.1604477023336719,77.34168800954069,0
2025-10-19,-0.26094323984789947,-2.683512254102405,3.749646801653106,-0.00180637472688161,31.745579567753424,0.8456747299099658,0.16080355549615244,77.13583761492038,1
2025-10-20,2.6671353424725153,-0.26094323984789947,-2.683512254102405,0.015987318771483183,34.36043882490418,0.9547508994036856,0.16793860348003808,79.80417316121697,0
2025-10-21,-6.0549362100862485,2.6671353424725153,-0.26094323984789947,-0.04011157532638698,6.748535514935838,0.548755850416385,0.15857002182397276,58.696398386041736,0
2025-10-22,-0.029251263558682794,-6.0549362100862485,2.6671353424725153,-0.027610814844758025,-12.761064582141103,0.5311657744618302,0.15214391748074238,56.22292038850904,1
2025-10-23,0.8136788870394929,-0.029251263558682794,-6.0549362100862485,-0.013621756514191952,-22.77602023395275,0.5683685814633743,0.1459164533415761,56.656659370150244,0
2025-10-24,-0.19698027025312204,0.8136788870394929,-0.029251263558682794,-0.009565978621742355,-30.303301304171697,0.5373948857764597,0.13847386916167448,55.30365871214977,0
2025-10-26,-1.0829871694227333,-0.19698027025312204,0.8136788870394929,-0.006699313759970904,-39.36425468012925,0.4377148786248964,0.12915446383760243,54.19174548581257,0
2025-10-27,-1.9964238838292458,-1.0829871694227333,-0.19698027025312204,-0.02166577713001272,-52.403222191131476,0.266183090369973,0.12350966711236258,48.645084849411404,0
2025-10-28,-1.022726527614759,-1.9964238838292458,-1.0829871694227333,-0.024905251584738664,-63.183533091747364,0.17629692196805938,0.12108580702443585,45.83257977811177,0
2025-10-29,-0.42978020758631663,-1.022726527614759,-1.9964238838292458,-0.01981429357735942,-69.5135163532482,0.1534210416969918,0.12367967596225736,39.15548330487895,1
2025-10-30,2.0468993782455813,-0.42978020758631663,-1.022726527614759,0.005419196160217243,-63.05438683497816,0.30900626509609913,0.12292470769098958,42.18170301330194,0
2025-10-31,-0.9105015745515921,2.0468993782455813,-0.42978020758631663,0.0010357438666344088,-60.19243014325653,0.24412414061580337,0.12473174447265947,38.240645672770725,0
2025-11-02,-0.5734288280404454,-0.9105015745515921,2.0468993782455813,-0.0028655185895777313,-58.257778525191796,0.20771180101882766,0.1267304349626029,26.043386878846974,1
2025-11-03,0.3791964740683884,-0.5734288280404454,-0.9105015745515921,-5.1420728354845124e-05,-53.18559552011017,0.24559111969427092,0.12895657895059748,31.457147960094872,0
2025-11-04,-1.3412929681834385,0.3791964740683884,-0.5734288280404454,-0.012613552987875365,-52.94772244589204,0.17105927278921543,0.1348752520797927,29.823415578132526,1
2025-11-05,1.191132494695868,-1.3412929681834385,0.3791964740683884,0.001721243264197092,-45.888011398453536,0.2761548745341438,0.13788923035269757,23.554677206851082,1
2025-11-06,0.15601267912566108,1.191132494695868,-1.3412929681834385,0.0037013519232569347,-38.765120636044074,0.30651818322896607,0.13922748102220558,37.277939655982635,1
2025-11-07,0.4015395646691511,0.15601267912566108,1.191132494695868,0.006178464148983709,-30.936148837242097,0.35240783633636624,0.13740391942277486,39.35823580011989,1
2025-11-09,0.20177277660027304,0.4015395646691511,0.15601267912566108,0.007010281790624795,-23.77479622368531,0.38499445436126034,0.11918892647053965,36.14580188290837,1
2025-11-10,2.5684465780807075,0.20177277660027304,0.4015395646691511,0.023614193370314007,-8.133378857607703,0.6237057343383574,0.11007895720183238,48.12600229095078,1
2025-11-11,0.39168953652199967,2.5684465780807075,0.20177277660027304,0.020038564416859028,3.5825196170312488,0.690264901434261,0.1011887884758887,53.614189083280074,1
2025-11-12,1.1988072393063653,0.39168953652199967,2.5684465780807075,0.022532329952824837,15.458860531147714,0.9538295533564157,0.07487892931193413,66.62908103121319,0
2025-11-13,-0.17924753770487412,1.1988072393063653,0.39168953652199967,0.012317110584831648,21.24240821290105,0.8978556053426424,0.07880846762602908,71.28658578380974,0
2025-11-14,-2.3504690857081734,-0.17924753770487412,1.1988072393063653,-0.01449429264176516,14.060161834726099,0.5973253900981218,0.07770776719438582,60.98133033117551,1
2025-11-16,0.11017372929200686,-2.3504690857081734,-0.17924753770487412,-0.011713954032762874,9.054412638051641,0.6269508067814512,0.07471973129640615,54.82355497019648,0
2025-11-17,-1.60196450928356,0.11017372929200686,-2.3504690857081734,-0.022005677024578008,-1.126004265066335,0.4276678848863444,0.07161978080834619,51.76206653419651,1
2025-11-18,1.2270109436996357,-1.60196450928356,0.11017372929200686,-0.004319911862201042,-2.886952282110581,0.6042837934800824,0.07075773719644304,58.36950690142909,1
2025-11-19,1.1608569894073328,1.2270109436996357,-1.60196450928356,0.010334382648111928,0.5258494452209241,0.7458406221298011,0.0724205735476827,60.70935371018228,0
2025-11-20,-0.5951962132599742,1.1608569894073328,1.2270109436996357,0.0037734069757002775,0.04650505409951933,0.6445285611368478,0.07113337784832774,63.95974781765282,0
2025-11-21,-0.2342274515860332,-0.5951962132599742,1.1608569894073328,0.0015681752480249944,-1.401230827922138,0.5936591784429804,0.0679475697261337,59.40160924927741,1
2025-11-23,0.517929186244892,-0.2342274515860332,-0.5951962132599742,0.002641654373044533,-0.3978407928687986,0.6571395771786732,0.06851900551324497,60.565553349436605,1
2025-11-24,1.9798708319564096,0.517929186244892,-0.2342274515860332,0.01675191365903128,7.916727583341078,0.8942468980832724,0.0721920039535036,64.95577608199687,0
2025-11-25,-0.05348300184357946,1.9798708319564096,0.517929186244892,0.012956254069355522,12.266537540364155,0.8474022969815977,0.0729564898239879,64.21614258145081,1
2025-11-26,0.5695839943592462,-0.05348300184357946,1.9798708319564096,0.013112537548083614,16.401872894929838,0.8799077717349644,0.07503839956692455,58.54168584693486,0
2025-11-27,-0.23411763785319284,0.5695839943592462,-0.05348300184357946,0.005214509170724302,16.88434192077574,0.8275957262754261,0.06989320871991782,56.02115161767253,1
2025-11-28,1.8881598245644282,-0.23411763785319284,0.5695839943592462,0.015813597354120246,23.649934889839415,1.0211674686181105,0.07398745368732676,58.509675797939174,0
2025-11-30,-0.38288870824711996,1.8881598245644282,-0.23411763785319284,0.008349813227862102,24.67622418074152,0.9209366137806911,0.07424839957917287,57.53580387262592,0
2025-12-01,-0.1817482138137927,-0.38288870824711996,1.8881598245644282,0.003234903782348919,22.831836800725142,0.8607400681044054,0.07310521910323144,69.30828656911925,0
2025-12-02,-0.37128042200246236,-0.1817482138137927,-0.38288870824711996,-0.0018790531334303973,18.45296050546405,0.7848927826548381,0.06976429913647457,66.5916744078031,0
2025-12-03,-0.04133804732118218,-0.37128042200246236,-0.1817482138137927,-0.004055876142950554,14.033598153436472,0.753241187632428,0.07133841704036661,77.47213779128683,0
2025-12-04,-0.10603085466776019,-0.04133804732118218,-0.37128042200246236,-0.0029477367942289945,9.523063312137822,0.7182835832585661,0.07263621491093943,73.2431452613102,0
2025-12-05,-0.06941342542803319,-0.10603085466776019,-0.04133804732118218,-0.002101228876977057,5.320737709559438,0.6988871849857029,0.07371893253215535,68.3246130607064,1
2025-12-07,0.08955256424034719,-0.06941342542803319,-0.10603085466776019,-0.00020784405970475373,2.1713358489686243,0.6994120530382978,0.07494316222571056,74.7319665193267,0
2025-12-08,-0.38527610416770885,0.08955256424034719,-0.06941342542803319,-0.003037699807484695,-2.1050427956871403,0.629523383260268,0.07272918249173609,72.98172299779584,1
2025-12-09,0.5667156112343363,-0.38527610416770885,0.08955256424034719,0.0024252223120453387,-2.9633858027250426,0.6875222414417985,0.0708593657806523,73.23735443959252,1
2025-12-10,0.5344761171032442,0.5667156112343363,-0.38527610416770885,0.0063032226006800585,-1.7469594073470915,0.753272894524694,0.06230262246489253,66.44423532095709,1
2025-12-11,0.9129407693175384,0.5344761171032442,0.5667156112343363,0.012004458559843112,2.285126789688505,0.8753443377436066,0.05926824731785648,71.87961413524957,1
2025-12-12,0.6235857173915171,0.9129407693175384,0.5344761171032442,0.013736624767940686,6.693744806975118,0.928573081522346,0.0608063013100811,72.19031394499888,1
2025-12-14,0.04047283223098663,0.6235857173915171,0.9129407693175384,0.008758054375298974,8.662463773239395,0.9047784601091544,0.05832427369612269,75.08529854490727,0
2025-12-15,-0.18448753378342841,0.04047283223098663,0.6235857173915171,0.003057083180112219,8.035091026618517,0.8664346783609417,0.05145577320430974,61.620057859209346,0
2025-12-16,-0.009447129596329429,-0.18448753378342841,0.04047283223098663,0.00021887628063965714,6.529653917837749,0.8661802794062097,0.044152954269816524,67.23535380105983,1
2025-12-17,1.1927366043808174,-0.009447129596329429,-0.18448753378342841,0.008799607934048659,9.57247367513098,1.0396970766414562,0.048244341108445124,77.32247008598412,0
2025-12-18,-0.24877682219233144,1.1927366043808174,-0.009447129596329429,0.00471295020793594,9.23544912490918,0.9333871795500795,0.049269279199827876,79.09644482716214,1
2025-12-19,0.2311302738387866,-0.24877682219233144,1.1927366043808174,0.005074359346993962,8.807937807651854,0.9228273846215508,0.05143779315697778,80.66664693170725,1
2025-12-21,0.3684134424214669,0.2311302738387866,-0.24877682219233144,0.005704850934358019,8.909978539522172,0.9394422199500801,0.05288540570109931,83.54480236320158,1
2025-12-22,2.0955199332507,0.3684134424214669,0.2311302738387866,0.01935940518164636,16.668793968002305,1.1395463968922022,0.06601173044760757,88.98762815156027,1
2025-12-23,1.0458037034532852,2.0955199332507,0.3684134424214669,0.022846370618570422,24.41113416627121,1.1201031838432556,0.08041890146702874,90.28289840476236,0
2025-12-24,-0.40875521672025794,1.0458037034532852,2.0955199332507,0.011966349132773058,25.347740696084784,0.9790954570617205,0.0886887715212946,89.74381893916384,1
2025-12-25,0.4498694940282544,-0.40875521672025794,1.0458037034532852,0.009418378990239562,25.670634520013948,0.9566266417677576,0.09562378348457119,89.64234775858036,1
2025-12-26,0.906324203203912,0.4498694940282544,-0.40875521672025794,0.010386088052431575,27.545600853142474,0.9743441403759017,0.10347709714566428,90.13939258520838,0
2025-12-28,-0.16874268685622695,0.906324203203912,0.4498694940282544,0.005038357086486256,25.507245507670916,0.9030224845056537,0.10756213981838193,87.07407892521019,0
2025-12-29,-3.833656906543881,-0.16874268685622695,0.906324203203912,-0.02750185164478902,4.862785241000012,0.514889269431938,0.10279713506526561,55.92329676408224,0
2025-12-30,-0.06844524230517068,-3.833656906543881,-0.16874268685622695,-0.022783182541406766,-9.714162894475137,0.4908690152431924,0.09755026608660866,55.43425425977744,0
2025-12-31,-0.6544302086306075,-0.06844524230517068,-3.833656906543881,-0.02162182151679659,-22.191350788150586,0.40048316076253787,0.0905178531493279,53.23543141188196,1
2026-01-01,0.8503007954182795,-0.6544302086306075,-0.06844524230517068,-0.005381675166428956,-26.278155231483595,0.47242224236140684,0.08404598462686544,56.37488947833774,0
2026-01-02,-0.3947307270811051,0.8503007954182795,-0.6544302086306075,-0.0008511662180248347,-30.10132410496587,0.4043427488004521,0.07871048583579932,50.222903140736655,1
2026-01-04,0.9670321069710663,-0.3947307270811051,0.8503007954182795,0.007416233237111269,-27.709623485789038,0.5099386935293249,0.0752080692380185,54.995023932515025,1
2026-01-05,0.723433244537719,0.9670321069710663,-0.3947307270811051,0.011692342705873715,-22.487997807407368,0.5903271578840967,0.07308828744816118,56.69926817591137,1
2026-01-06,1.0205984471985285,0.723433244537719,0.9670321069710663,0.015580875635688551,-14.411306605412108,0.7087246530883012,0.07176443338201989,58.78970664815137,0
2026-01-07,-0.6534051786022954,1.0205984471985285,0.723433244537719,0.005629059817398918,-12.182796764205492,0.5983428083744541,0.06825968507301956,48.657344687439526,1
2026-01-08,0.31027048389808964,-0.6534051786022954,1.0205984471985285,0.0040387562366621665,-9.519877359012582,0.6253817292608308,0.06412876308268788,45.344510114471895,1
2026-01-09,0.6615487296794287,0.31027048389808964,-0.6534051786022954,0.006552746255720665,-5.1735041392645655,0.7072795644981911,0.06347613114063262,50.04977883076458,1
2026-01-11,0.684219288996113,0.6615487296794287,0.31027048389808964,0.009366781774892141,0.1300353917935979,0.7871571892633522,0.0628755259479545,51.04007114976037,1
2026-01-12,1.069905005316163,0.684219288996113,0.6615487296794287,0.01594021086814279,7.472524873859555,0.9074283115825781,0.06493739403914346,51.72170184776913,0
2026-01-13,-0.08582298936684607,1.069905005316163,0.684219288996113,0.009748445096029679,10.602231344109143,0.8523438416856676,0.06621198359290086,52.08522434560754,1
2026-01-14,0.8078312517506125,-0.08582298936684607,1.069905005316163,0.011571083217590816,14.873953065846706,0.9169678609494056,0.07187806394308655,79.36327177303569,0
2026-01-15,-0.22584492361882313,0.8078312517506125,-0.08582298936684607,0.004796223633971586,15.003020979023802,0.852869596306522,0.07561594592643839,77.91153596889185,0
2026-01-16,-0.3041883740060314,-0.22584492361882313,0.8078312517506125,-0.0007514825677514825,12.146786600834417,0.7876958803580154,0.07838546393519323,80.8279965710252,1
2026-01-18,1.66739722730751,-0.3041883740060314,-0.22584492361882313,0.012157284873045127,16.329158431128704,0.9423463598594289,0.08574268345000108,82.58865194095473,1
2026-01-19,0.23473583060695802,1.66739722730751,-0.3041883740060314,0.010149489060879091,18.30155418576507,0.9237130164473578,0.09213556084430098,86.40730067243041,1
2026-01-20,2.472167556930005,0.23473583060695802,1.66739722730751,0.027193929499703895,28.904080818239308,1.0719743712495466,0.10825375675970429,88.4114445736025,0
2026-01-21,-0.00850495276322194,2.472167556930005,0.23473583060695802,0.018865630084369034,33.03094659154692,0.9864966979261894,0.1171663816123148,87.54107145375325,1
2026-01-22,2.888774565284491,-0.00850495276322194,2.472167556930005,0.033309745750101705,46.28502468246505,1.0979438497745204,0.13535643954532922,89.61492347838357,1
2026-01-23,0.8236197668744172,2.888774565284491,-0.00850495276322194,0.028660956894293044,54.9635006459055,1.0534667722063644,0.14896581633091163,94.95915475106865,1
2026-01-25,1.0119564800524783,0.8236197668744172,2.888774565284491,0.02446199754068279,61.135175394846556,1.026133702051985,0.16322853050452565,95.26202363031871,0
2026-01-26,-0.009164570816599937,1.0119564800524783,0.8236197668744172,0.014906376358163387,60.344766887702264,0.9590092298046702,0.17029589164991585,94.9436348951757,1
2026-01-27,2.3360013407686564,-0.009164570816599937,1.0119564800524783,0.024280032238829463,66.52493782979565,1.0135922427531256,0.1845722524107114,95.60184039974276,1
2026-01-28,6.269847565578535,2.3360013407686564,-0.009164570816599937,0.06598023193225466,96.48603294064583,1.1680872244322509,0.22594378489954034,96.8849207739693,0
2026-01-29,-1.408403223748056,6.269847565578535,2.3360013407686564,0.034313071665595496,100.82343101655152,1.0017140522656782,0.2473990505526894,89.89225777506124,0
2026-01-30,-9.844813942810248,-1.408403223748056,6.269847565578535,-0.06145763598738596,44.66008773320485,0.5390499846913254,0.23786668763111904,57.96832862007019,0
2026-02-01,-3.0589079875926184,-9.844813942810248,-1.408403223748056,-0.078912992054338,-9.544981056718797,0.39545548821455395,0.2290954306535728,53.09526192525573,1
2026-02-02,0.9575414950949268,-3.0589079875926184,-9.844813942810248,-0.055742973483071445,-40.8739995927026,0.4222654240194153,0.22048349979527068,54.80259952535873,1
2026-02-03,3.5106706895120077,0.9575414950949268,-3.0589079875926184,-0.001004730863830794,-44.31470987625508,0.5628691563033331,0.2120911955250422,57.115429065666554,1
2026-02-04,1.1338323265223105,3.5106706895120077,0.9575414950949268,0.02747807603206809,-40.7704496394293,0.6007159322709066,0.20554962582481542,58.17784532154387,0
2026-02-05,-6.294405237537437,1.1338323265223105,3.5106706895120077,-0.029418329661120346,-68.73634471360808,0.28007752540302,0.20169319396202445,46.687492419797366,1
2026-02-06,5.565510118852779,-6.294405237537437,1.1338323265223105,0.01555011616982438,-59.27176862905509,0.5291864253926063,0.19470579993638096,52.8012286039436,1
2026-02-08,1.3752584456772965,5.565510118852779,-6.294405237537437,0.019560439205936753,-45.314870977926205,0.5832964596492896,0.18650671823124612,51.27828606876464,0
2026-02-09,-0.047197609006044416,1.3752584456772965,5.565510118852779,0.016279125256397187,-35.96593992323838,0.562569670582047,0.17566362115618087,50.30438893463872,1
2026-02-10,0.031787695128304705,-0.047197609006044416,1.3752584456772965,0.016054659313093245,-29.531038015802665,0.5478997883406928,0.16789180173596022,49.15511812743596,1
2026-02-11,0.42497587012588767,0.031787695128304705,-0.047197609006044416,0.0061267043355897055,-23.28957137070256,0.5561406920098607,0.15957271628422603,49.67213823962028,0
2026-02-12,-2.7286609183856947,0.42497587012588767,0.031787695128304705,-0.019413530570321136,-32.762882750919744,0.3769671543144637,0.15721224099743372,43.76134961246719,1
2026-02-13,2.524441948768774,-2.7286609183856947,0.42497587012588767,0.005067822384589249,-26.316866296304227,0.522036286067592,0.15341984334741932,38.00898562367721,0
2026-02-15,-0.42802278750663225,2.524441948768774,-2.7286609183856947,0.0012606313642222755,-24.180744673781604,0.49131455181416506,0.15311411038919123,39.124543091826375,0
2026-02-16,-0.957042819666587,-0.42802278750663225,2.524441948768774,-0.005861706411405598,-27.34725810874039,0.43209426556407265,0.15349351507748366,52.51371115173675,0
2026-02-17,-2.206928776450179,-0.957042819666587,-0.42802278750663225,-0.02023362374683446,-39.539612167502895,0.3062785428830608,0.15619272951924806,54.03893037452248,1
2026-02-18,2.4478545948978914,-2.206928776450179,-0.957042819666587,0.0011750749630587976,-34.667082843992006,0.46382945143534665,0.15607203103813913,56.35907951697426,1
2026-02-19,1.4951029382370473,2.4478545948978914,-2.206928776450179,0.015566228806203286,-23.55783138138439,0.5690045725150968,0.15295394145895722,53.35210224837313,1
2026-02-20,2.544146415114157,1.4951029382370473,2.4478545948978914,0.03457273976968467,-3.8619505489925245,0.8170560444672603,0.1251550537535258,55.703462502659555,1
2026-02-22,1.1625405864940541,2.544146415114157,1.4951029382370473,0.0353332119088583,13.620231749141979,1.0111416148936643,0.10522526002311913,72.89387185375296,1
2026-02-23,1.7857866067270134,1.1625405864940541,2.544146415114157,0.03438066393760164,31.977451035249715,1.057141339842919,0.12188218115476374,68.38546624216366,0
2026-02-24,-1.6464031791584066,1.7857866067270134,1.1625405864940541,0.006849145931563161,32.39315847423913,0.8765385534649507,0.11977012201076212,60.45941037826977,1
2026-02-25,0.7549965423383265,-1.6464031791584066,1.7857866067270134,0.005415831941423699,33.72913899008606,0.8982492871359469,0.12011667509580029,62.06152889993783,1
2026-02-26,0.2907264899889572,0.7549965423383265,-1.6464031791584066,0.0037200956997882617,33.16248339261472,0.8734413665707608,0.12678065377285724,62.54479187119574,1
2026-02-27,1.8248787042435488,0.2907264899889572,0.7549965423383265,0.015978081381907483,39.187202528332534,0.9490879740519261,0.13907374294806216,64.98603295877572,1
2026-03-01,2.0355780761593945,1.8248787042435488,0.2907264899889572,0.02992189381636856,50.20235427710335,1.0448598380114829,0.13864561608853762,76.33432084832238,1
2026-03-02,1.8845454030940179,2.0355780761593945,1.8248787042435488,0.03518525542283357,63.06835075314618,1.0606327470195995,0.15858953138466658,75.9020063206282,0
2026-03-03,-2.8853938533653034,1.8845454030940179,2.0355780761593945,-0.0007253070880161028,50.70894786804453,0.824072829419403,0.16419252981959342,67.36880691054752,1
2026-03-04,1.4308559578227964,-2.8853938533653034,1.8845454030940179,0.005223966465879082,46.153926736045804,0.8674470086540172,0.17186446863417262,71.8888940768756,0
2026-03-05,-1.700196656479891,1.4308559578227964,-2.8853938533653034,-0.013150160206220396,30.078122792432225,0.7374286396774198,0.17282641092295542,72.78036892306399,1
2026-03-06,1.761583276676748,-1.700196656479891,1.4308559578227964,0.0034469095527467353,25.80860966298755,0.8081855770362326,0.17698269340979647,72.27076455511978,0
2026-03-08,-1.9058528598588254,1.761583276676748,-1.700196656479891,-0.008929746504558023,9.753888935161967,0.6749267714008256,0.1682662126820868,64.65217527484575,1
2026-03-09,6.673709901859359,-1.9058528598588254,1.761583276676748,0.04437577051660191,32.10220546830476,0.9940596159054755,0.18295647486310831,70.1391767580106,0
2026-03-10,-0.4212594453818497,6.673709901859359,-1.9058528598588254,0.03126601876559443,40.10039496107518,0.9133361899494873,0.18924719530643325,67.74983397859566,0
2026-03-11,-1.4500828240527008,-0.4212594453818497,6.673709901859359,0.007497341543519331,32.89971564609971,0.8024699355217674,0.18373461654810946,61.79791124615638,1
2026-03-12,0.2457622367166845,-1.4500828240527008,-0.4212594453818497,0.004177873068760496,25.8570009726497,0.8029218641739907,0.1651632725997071,66.10367644592658,0
2026-03-13,-1.5697679838175826,0.2457622367166845,-1.4500828240527008,-0.01777722482741939,9.283313565150962,0.6871710072467299,0.14756943118221286,61.048439689741805,0
2026-03-15,-0.4597842660024831,-1.5697679838175826,0.2457622367166845,-0.01507294710424223,-6.297703768403068,0.6375097303947821,0.13084552710550656,59.54521660069615,1
2026-03-16,0.4721356706229196,-0.4597842660024831,-1.5697679838175826,-0.004855867066280939,-15.413158998764942,0.6555986886034655,0.12124201406479135,57.472074455246705,0
2026-03-17,-0.5327699063716773,0.4721356706229196,-0.4597842660024831,-0.00646349863643203,-25.36914253072345,0.5919070405691229,0.11292230185929326,52.534701576692065,0
2026-03-18,-3.1437686905961937,-0.5327699063716773,0.4721356706229196,-0.027509669809404724,-49.25913978159451,0.3012243672771681,0.11044793663179224,42.18449431652579,0
2026-03-19,-4.199353491966562,-3.1437686905961937,-0.5327699063716773,-0.05364566316362862,-85.47097109776405,-0.037140611750763226,0.11615458540496526,40.273900179013644,0
2026-03-20,-3.1837862239846526,-4.199353491966562,-3.1437686905961937,-0.06425203206279884,-121.34329535202414,-0.149357561885276,0.13850817211315167,32.83164403088843,0
2026-03-22,-0.6366347112955584,-3.1837862239846526,-4.199353491966562,-0.04784868163839351,-142.07011260862058,-0.07940480335217491,0.160589358622821,34.23334701135276,0
2026-03-23,-0.4595381155337752,-0.6366347112955584,-3.1837862239846526,-0.02913553021151749,-151.02639691053122,-0.01080431220488354,0.18310422763866427,29.11132976553307,1
2026-03-24,2.912727983778307,-0.4595381155337752,-0.6366347112955584,0.01110954377550799,-135.71255585998037,0.17071615953436037,0.1931499787566767,38.46800246493994,0
2026-03-25,-1.1438023326331814,2.912727983778307,-0.4595381155337752,0.004864965974605617,-125.16813091512839,0.15767036986293306,0.20275288623827045,16.51990618412843,0
2026-03-26,-1.7466789009666805,-1.1438023326331814,2.912727983778307,-0.010445186635782866,-120.7389494389574,0.12572378833971987,0.21755093217553728,15.629634623162943,1
2026-03-27,2.0081865625146467,-1.7466789009666805,-1.1438023326331814,0.0064293413586853365,-102.06736153178952,0.23761556419595684,0.22410402359752885,23.73073021469071,0
2026-03-29,-1.0230740030972019,2.0081865625146467,-1.7466789009666805,-0.0056784518888630675,-89.7508218110811,0.22235886269631425,0.23278558500170204,21.87506717396444,1
2026-03-30,4.785387449173517,-1.0230740030972019,2.0081865625146467,0.03610633840352784,-53.875188855140365,0.42583750440678947,0.23165802870029617,36.78787762613095,1
2026-03-31,4.336730816966461,4.785387449173517,-1.0230740030972019,0.06311810054680733,-6.150607134395102,0.607928980818192,0.23215751412889565,46.441256573415146,0
2026-04-01,-0.07477116503428194,4.336730816966461,4.785387449173517,0.041653433492958136,24.26668373251055,0.6247115486953236,0.2199623601736152,45.41766909796035,0
2026-04-02,-0.9265929004131257,-0.07477116503428194,4.336730816966461,0.018020240005252486,37.711372072973646,0.6029599496031165,0.20684016131913668,44.82295103934606,1
2026-04-03,0.11500693352035629,-0.9265929004131257,-0.07477116503428194,0.003411057636772963,45.19383842215294,0.626759667217453,0.19730498250744752,50.61643321895333,0
2026-04-05,-1.1000060009234036,0.11500693352035629,-0.9265929004131257,-0.011986450950026373,42.113338134167805,0.5918911282911083,0.18465979780929634,57.395801772207086,1
2026-04-06,0.8868701853363081,-1.1000060009234036,0.11500693352035629,-0.0009932179156892929,42.780398742521314,0.6578786974290254,0.17691434038185544,67.54446686690446,1
2026-04-07,4.283920507756633,0.8868701853363081,-1.1000060009234036,0.03510388648083196,63.36690425972698,0.8959463383528055,0.18026302210211986,74.81102911846827,0
2026-04-08,-4.975147800848134,4.283920507756633,0.8868701853363081,-0.014412823682423803,45.9655597912434,0.619829692030873,0.1709371385596325,62.678218586950614,1
2026-04-09,0.714805048101641,-4.975147800848134,4.283920507756633,-0.006538982205953392,36.2202531960808,0.6809769348320143,0.1632691579878633,60.00913135725986,0
2026-04-10,-0.30425863705904055,0.714805048101641,-4.975147800848134,-0.010309192764397568,26.44014822748334,0.6636666966796757,0.162692892792659,61.754748008899504,0
2026-04-12,-1.6569419601554225,-0.30425863705904055,0.714805048101641,-0.022530338639243808,10.097519528643115,0.5523785869339127,0.1622827478967433,61.70813099813586,1
2026-04-13,1.8766510540404235,-1.6569419601554225,-0.30425863705904055,0.005041672812734266,8.595070692431428,0.650424183119289,0.15767230669917293,61.703371572725445,1
2026-04-14,0.4024974790040048,1.8766510540404235,-1.6569419601554225,0.0070693241325003875,8.991768784454372,0.6573522071369182,0.15012513719174633,64.55140380239578,0
2026-04-15,-1.1788611904131163,0.4024974790040048,1.8766510540404235,-0.0030076732164906472,2.3165342961080384,0.55673008529976,0.13770390557282258,54.357058106635336,0
2026-04-16,-1.0132347192663538,-1.1788611904131163,0.4024974790040048,-0.009929623791378628,-7.522523783497547,0.4681440551971922,0.13253445530259594,41.829033043456555,1
2026-04-17,0.7462985946569356,-1.0132347192663538,-1.1788611904131163,-0.00412416615135236,-9.801902382719756,0.5037518111730303,0.12292395183435256,44.076848719188,0
2026-04-19,-1.6099588986377866,0.7462985946569356,-1.0132347192663538,-0.014909571044594339,-19.256985899845787,0.3241986109639012,0.10440869827706938,42.70678452262484,1
2026-04-20,1.9445164635727208,-1.6099588986377866,0.7462985946569356,0.006600359202202366,-14.601425418406812,0.47749369941954933,0.09054116436113073,47.17137968445542,0
2026-04-21,-2.197479095848942,1.9445164635727208,-1.6099588986377866,-0.011200624124363179,-22.428347822550375,0.12361256638911552,0.06925320513221553,45.04840256085114,1
2026-04-22,0.2998679515492375,-2.197479095848942,1.9445164635727208,-0.006501188864926899,-24.804957361547473,0.16285923596647683,0.0688505088556207,43.654862579281165,1
2026-04-23,0.43011922181428464,0.2998679515492375,-2.197479095848942,0.0001624719924733231,-22.922505898439947,0.25010960622079703,0.06885393942395181,32.39969815915127,1
2026-04-24,0.35246917311411163,0.43011922181428464,0.2998679515492375,0.0021161221395316065,-18.80117603572847,0.32055139162171103,0.06761250179467611,45.58395642318231,0
2026-04-26,-0.6206464711868698,0.35246917311411163,0.43011922181428464,-0.0005605689585633788,-18.392433867412862,0.2553149674899976,0.06875644306192413,40.98873112271404,1
2026-04-27,0.11048468050987026,-0.6206464711868698,0.35246917311411163,-0.0005896828444141855,-16.5753503930286,0.29282523969545815,0.06896238131386755,42.310282891782634,0
2026-04-28,-1.5440694213208261,0.11048468050987026,-0.6206464711868698,-0.013506129016440771,-22.30398477698941,0.12224647078663109,0.07379967959841185,42.74957684052554,0
2026-04-29,-0.3950817193997369,-1.5440694213208261,0.11048468050987026,-0.01326403081555838,-26.566567503825897,0.12115682771265421,0.07779009164709814,33.129252362829334,1
2026-04-30,2.390696501927936,-0.3950817193997369,-1.5440694213208261,0.010533333299483916,-15.795691140224225,0.44477587993208234,0.05318805517134911,41.806430846378014,1
2026-05-01,0.20298906421538643,2.390696501927936,-0.3950817193997369,0.011107866310144265,-6.9618933301308985,0.49405513114202826,0.05217336036951677,46.31243242260968,0
